Customer_ID,Order_Date,Region,Category,Order_Value,Discount_Pct,Delivery_Days,Recency_Days,Frequency,Churn,Customer_Rating
C00619,2024-01-01,West,Home,80.02,9.59,6,67,3,0,4
C00490,2024-01-01,North,Home,131.15,19.64,4,30,2,0,4
C00180,2024-01-02,West,Home,109.94,1.3,3,62,7,0,3
C00054,2024-01-02,East,Fashion,102.24,6.32,3,38,6,0,5
C00262,2024-01-03,North,Beauty,50.94,12.49,4,102,8,0,4
C00468,2024-01-03,North,Beauty,71.63,12.6,3,27,7,0,4
C00358,2024-01-03,West,Home,71.21,17.76,2,47,5,1,3
C00221,2024-01-04,North,Fashion,100.39,0.7,5,153,12,1,3
C00077,2024-01-04,East,Electronics,206.05,9.12,4,77,3,1,3
C00098,2024-01-04,North,Electronics,81.12,17.57,3,55,8,0,4
C00581,2024-01-04,East,Sports,89.01,11.99,7,61,4,0,4
C00355,2024-01-05,South,Fashion,84.14,15.55,4,81,5,0,3
C00093,2024-01-05,West,Fashion,33.57,9.48,3,97,4,0,3
C00694,2024-01-05,West,Sports,54.63,19.62,5,89,4,0,3
C00455,2024-01-05,West,Electronics,76.37,11.62,5,44,6,0,3
C00333,2024-01-05,North,Home,54.01,9.12,2,24,3,0,3
C00148,2024-01-06,South,Sports,74.97,13.73,3,66,6,0,3
C00060,2024-01-06,North,Electronics,240.08,7.46,3,20,7,0,4
C00553,2024-01-06,West,Fashion,37.17,17.02,2,85,7,0,4
C00473,2024-01-06,North,Fashion,42.16,19.66,2,176,7,1,3
C00372,2024-01-07,North,Home,70.2,18.86,3,45,7,0,4
C00583,2024-01-07,East,Fashion,38.77,3.89,4,56,3,0,4
C00339,2024-01-08,South,Home,134.77,10.31,4,60,5,0,3
C00580,2024-01-09,West,Beauty,51.23,8.87,4,38,2,0,3
C00267,2024-01-09,South,Fashion,155.48,14.99,2,43,3,0,4
C00431,2024-01-09,East,Sports,63.81,9.73,4,107,6,0,3
C00231,2024-01-10,North,Sports,44.12,22.02,3,178,6,0,3
C00132,2024-01-11,South,Fashion,80.36,14.91,2,67,3,0,4
C00262,2024-01-11,South,Sports,62.6,23.37,3,157,5,0,2
C00456,2024-01-11,North,Home,43.89,17.82,5,26,4,0,3
C00354,2024-01-11,North,Electronics,198.18,17.07,7,37,3,1,4
C00569,2024-01-12,South,Home,71.86,14.93,2,46,4,0,4
C00169,2024-01-12,West,Fashion,77.97,8.03,5,48,5,0,4
C00049,2024-01-12,East,Home,84.84,8.45,3,89,5,1,3
C00618,2024-01-12,North,Fashion,85.14,23.07,5,46,8,0,3
C00312,2024-01-12,West,Sports,68.02,12.76,3,70,5,1,2
C00381,2024-01-13,North,Sports,56.04,8.76,5,39,6,0,3
C00604,2024-01-13,South,Beauty,62.01,27.01,5,41,5,1,3
C00418,2024-01-13,South,Electronics,172.77,20.05,4,41,6,0,3
C00695,2024-01-13,North,Home,79.09,3.67,6,65,1,0,3
C00070,2024-01-13,West,Fashion,44.28,6.01,2,59,9,0,5
C00418,2024-01-14,South,Fashion,67.06,2.31,3,50,7,0,4
C00005,2024-01-14,West,Fashion,103.67,2.93,1,99,7,0,5
C00680,2024-01-14,East,Home,121.52,7.26,5,126,3,1,3
C00144,2024-01-14,South,Fashion,48.36,8.01,2,84,4,0,4
C00119,2024-01-14,West,Sports,102.91,16.7,2,33,4,0,3
C00288,2024-01-15,North,Electronics,185.44,10.67,3,13,5,0,4
C00171,2024-01-15,East,Electronics,70.17,25.82,1,40,6,0,3
C00022,2024-01-15,West,Electronics,101.91,12.49,3,107,7,1,3
C00156,2024-01-15,East,Sports,56.37,11.2,4,31,4,0,4
C00248,2024-01-15,South,Sports,74.92,17.03,3,67,5,0,3
C00416,2024-01-15,North,Fashion,49.73,12.42,5,55,6,0,3
C00653,2024-01-15,North,Beauty,52.77,9.2,5,57,6,0,4
C00024,2024-01-15,North,Sports,116.32,4.38,4,93,5,0,3
C00101,2024-01-15,West,Sports,176.13,4.54,3,78,9,0,3
C00148,2024-01-16,East,Beauty,33.19,25.68,4,96,4,1,3
C00240,2024-01-17,South,Beauty,73.27,15.74,6,83,2,0,4
C00623,2024-01-17,West,Electronics,117.27,13.32,5,98,6,1,3
C00257,2024-01-17,South,Fashion,67.61,8.12,6,33,6,0,3
C00694,2024-01-18,East,Fashion,74.11,20.57,5,104,5,0,3
C00140,2024-01-18,East,Fashion,46.68,7.66,3,40,3,0,4
C00365,2024-01-18,South,Electronics,114.71,12.63,2,6,7,0,3
C00198,2024-01-18,South,Fashion,28.16,22.89,4,48,5,0,4
C00420,2024-01-18,North,Fashion,60.01,13.52,4,90,4,0,3
C00674,2024-01-19,North,Beauty,35.54,22.81,3,91,4,0,3
C00389,2024-01-19,North,Fashion,101.91,9.59,3,121,4,0,3
C00162,2024-01-19,West,Electronics,144.52,19.65,4,17,7,0,3
C00318,2024-01-19,West,Electronics,138.9,6.99,3,38,2,0,4
C00574,2024-01-20,East,Home,71.79,5.53,4,96,1,0,4
C00661,2024-01-20,North,Sports,52.56,14.23,5,45,5,0,4
C00306,2024-01-21,East,Fashion,56.49,4.87,3,46,3,0,4
C00557,2024-01-21,West,Beauty,55.19,16.09,4,180,3,1,3
C00225,2024-01-22,West,Sports,72.85,16.03,3,58,11,0,4
C00270,2024-01-22,North,Beauty,74.6,2.3,4,151,6,0,3
C00505,2024-01-22,North,Beauty,54.15,7.15,2,16,7,0,5
C00356,2024-01-22,North,Sports,87.49,4.34,6,117,3,1,3
C00655,2024-01-23,South,Fashion,84.82,10.06,4,75,3,0,3
C00389,2024-01-23,South,Fashion,69.62,8.44,4,154,6,0,3
C00433,2024-01-23,East,Beauty,75.54,13.21,5,52,4,0,4
C00683,2024-01-23,South,Fashion,102.56,8.5,5,59,6,0,3
C00621,2024-01-23,North,Electronics,218.18,5.79,4,27,5,0,4
C00413,2024-01-23,South,Home,82.12,1.01,6,25,7,0,4
C00232,2024-01-24,East,Home,135.56,0.0,3,80,5,0,3
C00195,2024-01-24,South,Home,80.28,6.46,4,111,3,0,4
C00433,2024-01-25,South,Home,97.47,8.87,5,98,4,1,4
C00477,2024-01-26,West,Electronics,129.71,6.45,3,53,7,0,3
C00135,2024-01-26,North,Sports,44.52,22.8,5,47,6,1,2
C00462,2024-01-26,West,Beauty,25.99,0.0,3,47,6,0,4
C00572,2024-01-27,North,Fashion,81.14,6.67,3,98,9,1,4
C00243,2024-01-27,North,Electronics,157.14,9.88,4,15,5,0,4
C00456,2024-01-27,East,Beauty,44.8,10.93,4,125,7,0,3
C00572,2024-01-27,South,Home,77.15,17.56,4,43,4,0,2
C00416,2024-01-27,West,Home,104.42,19.26,6,97,3,0,3
C00072,2024-01-28,North,Home,88.26,5.89,2,80,3,0,4
C00111,2024-01-28,North,Beauty,45.31,12.09,3,23,3,0,4
C00130,2024-01-28,South,Home,68.85,11.83,7,68,5,0,5
C00475,2024-01-29,South,Fashion,113.99,13.01,5,36,4,1,4
C00290,2024-01-29,East,Beauty,47.11,10.08,4,65,4,1,4
C00020,2024-01-29,East,Home,188.28,1.62,4,23,5,1,4
C00334,2024-01-29,West,Home,63.05,1.8,5,51,2,0,4
C00590,2024-01-29,North,Beauty,53.35,11.36,3,102,6,0,4
C00487,2024-01-30,West,Sports,149.36,0.0,5,22,2,0,4
C00197,2024-01-30,South,Beauty,33.81,0.82,5,37,2,0,3
C00137,2024-01-30,West,Sports,83.01,16.68,1,53,6,0,3
C00105,2024-01-30,South,Fashion,44.64,8.41,5,38,3,0,4
C00084,2024-01-30,West,Sports,66.57,13.74,2,27,12,0,4
C00439,2024-01-30,South,Beauty,42.63,10.56,4,54,2,0,4
C00595,2024-01-30,South,Beauty,44.49,7.91,5,46,9,0,3
C00289,2024-01-31,South,Electronics,182.7,10.52,7,11,5,1,3
C00536,2024-01-31,North,Electronics,135.39,13.69,5,78,3,1,2
C00056,2024-01-31,West,Electronics,102.09,11.86,6,14,6,0,4
C00049,2024-01-31,West,Electronics,127.74,9.15,4,33,7,0,5
C00099,2024-01-31,West,Fashion,88.88,5.28,3,47,1,0,4
C00123,2024-01-31,East,Electronics,207.59,19.54,6,53,5,0,2
C00674,2024-02-01,South,Fashion,109.28,0.17,5,45,8,0,3
C00469,2024-02-02,West,Home,63.13,10.38,4,112,4,0,3
C00370,2024-02-02,South,Electronics,113.61,16.88,3,134,7,1,3
C00077,2024-02-02,East,Home,61.73,8.68,2,55,2,0,4
C00326,2024-02-02,North,Fashion,47.27,8.49,4,125,5,1,4
C00654,2024-02-03,East,Beauty,51.85,14.9,4,149,4,0,3
C00241,2024-02-03,West,Fashion,55.26,13.21,4,34,7,0,4
C00647,2024-02-04,South,Fashion,114.73,8.37,6,88,6,1,3
C00391,2024-02-04,North,Sports,86.88,9.28,7,120,4,1,4
C00126,2024-02-04,South,Fashion,70.81,25.88,3,31,5,0,3
C00199,2024-02-05,East,Electronics,104.54,20.92,4,133,5,0,4
C00190,2024-02-05,East,Beauty,38.31,0.0,5,64,1,0,3
C00247,2024-02-05,North,Electronics,140.01,7.4,2,95,5,0,4
C00393,2024-02-05,South,Electronics,133.38,12.65,3,77,9,0,4
C00221,2024-02-06,South,Sports,50.35,19.14,4,84,6,1,3
C00523,2024-02-06,South,Fashion,63.88,4.46,5,76,1,0,4
C00301,2024-02-06,North,Electronics,140.63,4.85,4,97,4,0,3
C00384,2024-02-06,North,Home,55.06,11.73,1,77,3,0,4
C00330,2024-02-07,East,Electronics,329.92,0.0,3,52,5,0,4
C00533,2024-02-07,East,Electronics,236.11,7.27,4,49,8,0,4
C00452,2024-02-08,North,Sports,93.63,6.59,4,38,1,1,3
C00676,2024-02-08,South,Sports,97.49,13.26,3,101,3,0,4
C00421,2024-02-08,North,Fashion,91.89,10.46,5,55,6,0,4
C00457,2024-02-08,West,Electronics,154.15,2.24,1,52,7,0,5
C00480,2024-02-08,East,Home,74.03,27.48,5,35,4,0,3
C00693,2024-02-08,West,Electronics,166.07,12.93,8,78,8,1,3
C00348,2024-02-09,South,Home,75.56,8.16,4,112,3,0,3
C00467,2024-02-09,North,Electronics,132.48,7.88,4,81,9,0,3
C00435,2024-02-09,North,Electronics,151.94,10.08,4,18,2,1,3
C00559,2024-02-10,West,Fashion,78.82,1.83,4,14,5,0,3
C00691,2024-02-10,East,Electronics,177.66,2.91,4,67,5,0,3
C00195,2024-02-11,East,Sports,88.8,18.56,4,85,5,0,3
C00318,2024-02-11,West,Fashion,152.68,2.22,3,57,4,1,4
C00339,2024-02-12,West,Beauty,77.41,24.39,4,108,5,0,4
C00237,2024-02-12,West,Fashion,115.77,13.71,3,23,3,0,3
C00122,2024-02-13,North,Electronics,92.28,12.7,5,19,4,0,3
C00599,2024-02-13,West,Electronics,240.34,10.0,2,132,4,0,3
C00275,2024-02-13,South,Home,83.73,1.82,2,99,5,0,4
C00507,2024-02-13,North,Home,93.74,12.94,3,86,2,0,3
C00263,2024-02-15,North,Home,129.43,15.85,6,67,4,1,2
C00009,2024-02-15,East,Beauty,42.33,2.51,4,52,6,0,3
C00250,2024-02-15,South,Sports,197.61,0.0,3,38,9,0,4
C00671,2024-02-16,North,Electronics,96.19,9.29,1,129,10,0,5
C00298,2024-02-16,West,Electronics,119.31,11.4,4,152,4,0,5
C00065,2024-02-16,North,Sports,91.53,1.02,3,75,1,0,3
C00176,2024-02-17,East,Electronics,127.67,25.39,5,67,4,0,4
C00647,2024-02-17,West,Home,81.88,14.06,6,62,2,1,3
C00477,2024-02-17,East,Electronics,90.09,15.24,5,102,4,0,3
C00639,2024-02-18,North,Beauty,66.79,7.42,4,19,9,0,4
C00658,2024-02-18,North,Sports,98.09,34.39,4,108,5,0,5
C00137,2024-02-19,East,Electronics,185.4,0.0,2,46,3,0,4
C00196,2024-02-19,South,Electronics,113.55,15.73,6,92,4,0,3
C00047,2024-02-19,West,Electronics,198.09,0.0,6,180,3,0,4
C00462,2024-02-19,North,Home,58.46,13.93,3,29,7,0,4
C00227,2024-02-20,West,Sports,44.86,15.86,3,47,4,0,5
C00172,2024-02-20,West,Beauty,41.47,15.0,4,25,8,0,4
C00387,2024-02-21,South,Beauty,87.11,5.14,3,124,5,0,4
C00660,2024-02-21,South,Electronics,159.78,13.97,1,84,7,0,5
C00049,2024-02-21,West,Sports,65.42,6.23,4,160,4,1,4
C00361,2024-02-21,East,Electronics,227.73,15.32,4,144,6,0,3
C00222,2024-02-21,East,Electronics,133.21,13.31,4,81,8,1,3
C00066,2024-02-21,West,Fashion,53.63,9.27,5,94,3,0,4
C00543,2024-02-21,North,Beauty,47.12,12.48,3,18,4,0,4
C00041,2024-02-21,West,Fashion,63.04,8.12,1,59,3,1,4
C00091,2024-02-22,South,Electronics,233.94,7.64,5,115,4,0,4
C00199,2024-02-22,North,Fashion,80.86,17.82,3,25,4,1,3
C00234,2024-02-22,West,Home,77.8,15.01,3,33,3,1,3
C00193,2024-02-23,West,Electronics,62.77,11.78,4,76,6,0,4
C00278,2024-02-23,East,Fashion,44.51,3.43,4,55,3,1,4
C00056,2024-02-23,West,Electronics,129.41,15.25,3,132,4,1,3
C00565,2024-02-23,North,Electronics,139.13,14.12,4,90,5,1,3
C00075,2024-02-23,East,Home,74.53,12.93,5,114,6,0,4
C00127,2024-02-23,North,Home,82.85,11.51,6,73,9,0,4
C00274,2024-02-23,South,Beauty,48.51,20.94,8,54,7,0,3
C00303,2024-02-24,North,Beauty,79.84,17.51,3,101,4,0,4
C00003,2024-02-24,East,Electronics,66.6,19.26,4,26,8,0,3
C00536,2024-02-24,West,Fashion,59.66,20.08,4,40,7,0,4
C00157,2024-02-25,South,Fashion,71.77,11.97,3,84,8,1,4
C00203,2024-02-25,North,Home,149.86,9.01,3,91,6,0,3
C00648,2024-02-26,West,Fashion,121.41,8.77,7,42,12,0,3
C00520,2024-02-26,North,Sports,52.66,18.44,3,77,6,1,4
C00283,2024-02-26,West,Beauty,76.04,11.49,5,50,4,0,5
C00394,2024-02-26,East,Electronics,86.12,8.59,3,62,6,0,3
C00580,2024-02-26,East,Home,36.1,12.7,5,96,7,0,3
C00485,2024-02-27,East,Electronics,80.23,21.02,6,56,6,1,3
C00517,2024-02-27,West,Sports,69.74,23.23,4,37,9,0,4
C00595,2024-02-27,South,Sports,42.64,18.7,3,88,5,0,4
C00345,2024-02-27,North,Fashion,69.1,6.97,2,71,4,0,5
C00571,2024-02-28,North,Fashion,34.93,9.92,6,14,4,0,4
C00658,2024-02-28,South,Sports,80.16,11.86,2,24,4,0,3
C00691,2024-02-29,West,Beauty,56.8,7.74,6,85,5,0,2
C00056,2024-02-29,North,Home,163.44,10.72,1,70,6,0,5
C00108,2024-02-29,East,Home,60.47,5.12,4,103,5,0,4
C00155,2024-03-01,South,Electronics,128.61,6.59,2,33,4,0,4
C00039,2024-03-01,East,Fashion,51.12,4.68,6,85,6,1,3
C00237,2024-03-01,North,Sports,51.81,14.81,1,36,5,0,3
C00266,2024-03-02,North,Fashion,73.37,11.31,2,66,8,0,3
C00672,2024-03-02,South,Fashion,113.33,12.27,3,25,5,0,4
C00554,2024-03-02,North,Home,76.89,33.88,6,96,8,1,2
C00274,2024-03-02,East,Home,131.94,12.99,3,44,6,0,4
C00649,2024-03-03,South,Home,68.54,12.53,4,15,3,0,3
C00595,2024-03-03,West,Beauty,83.55,6.08,3,64,6,1,4
C00655,2024-03-04,North,Home,49.86,3.53,4,46,7,0,4
C00657,2024-03-04,West,Electronics,66.26,17.59,4,84,5,0,4
C00681,2024-03-04,North,Electronics,113.94,22.35,3,61,5,0,3
C00276,2024-03-04,West,Beauty,43.27,15.2,4,64,5,0,3
C00568,2024-03-05,West,Electronics,90.29,21.14,5,146,5,0,3
C00448,2024-03-06,South,Electronics,148.61,12.69,5,68,4,0,3
C00212,2024-03-07,South,Electronics,176.0,10.35,4,150,5,0,3
C00678,2024-03-07,South,Beauty,49.59,18.36,4,49,6,0,4
C00123,2024-03-08,West,Sports,75.44,7.3,5,24,5,0,4
C00503,2024-03-08,North,Beauty,77.25,18.52,3,22,7,0,4
C00453,2024-03-08,West,Sports,82.55,14.79,1,5,5,0,4
C00586,2024-03-09,North,Home,71.08,6.05,4,91,6,0,3
C00328,2024-03-09,South,Home,83.98,10.17,4,155,4,1,3
C00378,2024-03-12,North,Home,91.26,5.94,3,30,8,0,4
C00306,2024-03-13,West,Electronics,67.94,10.85,5,45,5,0,4
C00283,2024-03-13,South,Home,75.92,11.28,5,82,6,1,3
C00366,2024-03-13,North,Home,197.93,13.31,5,63,5,0,4
C00439,2024-03-13,West,Electronics,158.92,17.12,4,119,13,0,3
C00579,2024-03-14,West,Sports,95.78,3.26,6,66,6,0,3
C00093,2024-03-14,East,Home,105.2,17.96,4,55,8,0,3
C00156,2024-03-15,West,Home,86.26,4.71,2,22,4,0,4
C00074,2024-03-15,South,Home,66.11,10.48,6,40,6,0,2
C00668,2024-03-15,West,Electronics,142.6,13.76,2,66,2,1,3
C00076,2024-03-15,East,Electronics,354.89,0.0,6,73,3,1,3
C00613,2024-03-15,South,Home,134.15,20.99,5,143,7,0,3
C00309,2024-03-16,East,Fashion,55.11,19.23,5,45,9,0,4
C00238,2024-03-16,South,Electronics,78.91,8.97,5,38,3,0,4
C00138,2024-03-16,North,Electronics,240.49,17.34,5,23,3,0,4
C00226,2024-03-17,North,Fashion,73.0,2.2,3,55,4,1,4
C00433,2024-03-17,East,Fashion,72.58,24.38,5,27,7,0,5
C00122,2024-03-18,East,Fashion,57.52,17.75,6,123,7,0,3
C00115,2024-03-18,West,Beauty,60.29,8.95,4,24,8,0,3
C00104,2024-03-18,East,Fashion,71.4,18.98,4,15,5,0,3
C00475,2024-03-18,South,Beauty,47.66,16.1,4,58,6,0,4
C00563,2024-03-18,North,Electronics,132.43,14.56,2,124,4,1,4
C00192,2024-03-18,West,Fashion,74.86,21.78,4,73,4,0,3
C00177,2024-03-19,West,Electronics,237.03,4.93,2,86,7,0,4
C00327,2024-03-19,East,Sports,83.86,0.0,3,55,6,0,4
C00381,2024-03-19,South,Fashion,74.92,1.89,2,48,7,0,4
C00210,2024-03-19,South,Electronics,235.74,0.0,3,60,5,1,3
C00356,2024-03-20,South,Sports,102.68,2.35,4,17,4,0,4
C00052,2024-03-20,East,Fashion,89.62,6.89,2,46,3,0,4
C00576,2024-03-20,South,Fashion,61.53,4.77,4,9,3,0,4
C00598,2024-03-21,East,Home,92.14,20.19,4,42,2,0,4
C00463,2024-03-21,South,Beauty,96.02,12.02,4,33,5,0,4
C00504,2024-03-21,West,Home,118.23,5.5,2,26,5,0,5
C00454,2024-03-21,North,Sports,66.16,8.57,3,83,7,0,4
C00150,2024-03-21,East,Beauty,72.5,5.54,3,82,6,0,4
C00200,2024-03-22,West,Home,93.3,7.22,5,35,3,0,3
C00552,2024-03-22,South,Home,44.9,17.53,6,23,8,0,3
C00259,2024-03-22,West,Electronics,92.15,9.0,5,23,6,0,4
C00061,2024-03-22,West,Fashion,52.02,9.9,4,30,3,0,3
C00415,2024-03-23,East,Sports,92.53,4.97,4,89,5,0,4
C00275,2024-03-23,North,Fashion,62.52,11.71,3,56,4,0,4
C00238,2024-03-24,South,Electronics,101.61,11.11,5,117,5,0,4
C00587,2024-03-24,North,Home,104.28,12.35,4,106,10,0,5
C00487,2024-03-25,North,Fashion,52.98,8.98,6,89,10,0,4
C00030,2024-03-26,North,Electronics,239.91,27.94,3,35,3,0,4
C00228,2024-03-26,South,Electronics,198.93,9.61,3,31,5,0,4
C00665,2024-03-26,East,Fashion,41.49,0.01,4,128,8,0,4
C00520,2024-03-27,West,Home,60.27,15.07,5,33,6,0,3
C00582,2024-03-27,East,Electronics,208.43,13.48,3,54,7,0,2
C00443,2024-03-27,East,Sports,54.22,22.83,6,89,8,0,4
C00233,2024-03-27,East,Home,85.67,15.33,6,76,2,1,2
C00125,2024-03-28,East,Electronics,252.93,9.05,5,152,6,1,3
C00234,2024-03-28,North,Electronics,198.19,9.16,4,79,3,0,3
C00149,2024-03-29,East,Home,77.25,15.95,4,37,5,0,4
C00292,2024-03-29,East,Fashion,60.17,4.3,3,161,6,0,4
C00134,2024-03-30,North,Electronics,128.26,0.0,5,180,4,1,4
C00417,2024-03-30,North,Fashion,103.35,19.73,5,109,4,0,4
C00546,2024-03-30,West,Electronics,147.93,9.57,3,5,4,0,3
C00101,2024-03-30,North,Home,68.55,14.57,4,60,5,0,3
C00334,2024-03-30,South,Home,79.16,19.88,3,66,5,0,3
C00109,2024-03-31,South,Electronics,161.06,12.84,5,21,5,0,5
C00049,2024-03-31,South,Electronics,148.3,14.44,3,79,9,0,4
C00057,2024-03-31,East,Fashion,68.27,25.32,3,30,7,0,3
C00278,2024-03-31,North,Electronics,102.56,9.85,4,107,9,0,3
C00137,2024-03-31,East,Home,56.78,6.23,3,55,6,0,3
C00636,2024-03-31,East,Beauty,96.1,8.91,3,66,7,0,3
C00463,2024-03-31,West,Electronics,133.37,11.14,6,80,6,0,3
C00280,2024-03-31,West,Electronics,117.83,16.63,4,30,7,0,5
C00606,2024-04-01,South,Beauty,52.53,5.07,3,70,4,0,4
C00287,2024-04-01,North,Home,75.9,18.26,4,88,4,1,3
C00347,2024-04-01,West,Fashion,54.03,26.78,3,33,10,1,3
C00642,2024-04-01,East,Sports,63.08,19.4,5,38,4,0,4
C00155,2024-04-01,South,Fashion,71.21,18.97,5,72,6,0,3
C00367,2024-04-02,North,Electronics,85.58,3.94,4,54,8,1,3
C00604,2024-04-02,North,Beauty,36.6,5.25,4,66,6,0,3
C00234,2024-04-03,North,Fashion,49.49,21.66,5,61,7,1,3
C00119,2024-04-03,South,Sports,57.39,20.45,4,66,6,0,4
C00261,2024-04-03,North,Beauty,45.19,6.29,6,34,5,0,3
C00415,2024-04-03,West,Fashion,51.22,12.01,4,64,5,0,3
C00146,2024-04-03,South,Fashion,53.66,6.93,4,87,3,1,4
C00613,2024-04-03,North,Home,61.02,3.82,3,33,6,0,5
C00675,2024-04-03,West,Fashion,97.61,7.35,3,85,8,0,4
C00214,2024-04-03,North,Beauty,48.18,13.41,3,43,4,0,5
C00162,2024-04-04,West,Sports,59.61,10.31,5,40,1,0,4
C00541,2024-04-04,East,Fashion,104.22,3.09,6,46,7,0,3
C00010,2024-04-04,North,Sports,135.28,16.44,2,111,7,1,3
C00147,2024-04-05,West,Beauty,54.7,1.66,7,56,6,0,3
C00376,2024-04-05,North,Fashion,81.4,24.88,3,33,6,0,3
C00027,2024-04-05,West,Home,41.19,7.81,3,89,6,0,4
C00615,2024-04-06,West,Fashion,67.53,12.44,5,69,7,0,4
C00316,2024-04-06,East,Beauty,56.36,13.28,1,81,4,0,3
C00061,2024-04-07,North,Home,76.36,11.61,2,85,7,0,4
C00694,2024-04-07,North,Sports,109.83,10.29,3,68,6,0,5
C00099,2024-04-08,East,Home,168.5,6.74,5,53,7,0,3
C00096,2024-04-08,North,Home,99.7,15.79,4,77,5,0,4
C00666,2024-04-09,East,Fashion,61.72,17.55,3,44,6,0,4
C00486,2024-04-09,South,Electronics,122.05,5.7,1,27,6,0,4
C00109,2024-04-10,South,Electronics,179.05,0.0,3,41,8,0,3
C00162,2024-04-10,South,Beauty,47.53,4.19,3,25,6,0,3
C00039,2024-04-10,North,Fashion,65.39,6.87,3,68,2,0,3
C00256,2024-04-10,West,Beauty,38.91,13.77,5,54,10,0,3
C00609,2024-04-10,East,Beauty,74.04,5.6,3,36,3,0,4
C00686,2024-04-11,South,Beauty,42.92,4.36,4,92,6,0,3
C00227,2024-04-12,South,Sports,130.6,13.19,4,53,10,0,3
C00064,2024-04-13,North,Fashion,58.56,23.1,2,48,7,0,4
C00540,2024-04-13,East,Fashion,73.49,6.44,5,77,3,0,3
C00091,2024-04-13,East,Electronics,114.45,14.65,4,12,5,0,4
C00217,2024-04-13,South,Electronics,170.53,17.37,5,33,4,0,2
C00489,2024-04-14,South,Fashion,62.0,16.64,4,135,2,0,4
C00534,2024-04-14,East,Fashion,86.75,6.42,7,41,7,1,3
C00329,2024-04-14,South,Fashion,56.16,19.24,5,55,5,0,4
C00371,2024-04-14,North,Beauty,77.49,0.0,5,73,4,1,3
C00044,2024-04-15,East,Fashion,51.94,4.04,5,69,7,0,4
C00167,2024-04-15,North,Electronics,103.71,19.27,4,17,2,0,4
C00515,2024-04-16,West,Fashion,108.12,3.07,4,94,4,0,4
C00666,2024-04-16,East,Fashion,70.41,18.0,5,57,5,0,3
C00021,2024-04-16,North,Beauty,65.48,8.16,2,114,5,0,5
C00028,2024-04-17,West,Beauty,38.51,12.16,5,47,7,0,4
C00190,2024-04-17,East,Fashion,88.42,1.74,2,16,4,0,4
C00653,2024-04-17,West,Electronics,212.48,9.92,4,126,6,0,4
C00285,2024-04-17,North,Electronics,232.16,15.52,4,80,6,0,3
C00003,2024-04-18,South,Electronics,395.11,12.19,3,46,3,0,3
C00677,2024-04-18,East,Home,65.05,9.64,3,21,8,0,4
C00075,2024-04-19,East,Electronics,58.52,2.06,4,110,5,1,4
C00416,2024-04-19,South,Fashion,63.49,18.37,5,53,2,0,4
C00230,2024-04-19,North,Fashion,74.55,14.22,3,50,6,0,4
C00228,2024-04-20,East,Beauty,60.4,13.62,5,13,3,0,3
C00084,2024-04-20,East,Electronics,125.34,17.28,4,65,4,0,5
C00501,2024-04-20,South,Electronics,241.44,16.11,4,52,4,1,3
C00098,2024-04-20,North,Electronics,165.9,8.75,2,119,6,0,4
C00524,2024-04-20,West,Home,52.82,19.4,4,35,9,1,3
C00328,2024-04-21,North,Sports,71.3,10.62,5,54,6,1,3
C00152,2024-04-21,North,Sports,39.65,12.84,3,59,6,0,4
C00604,2024-04-21,East,Fashion,88.25,11.15,4,75,6,0,4
C00652,2024-04-21,South,Sports,60.91,12.98,6,45,8,0,4
C00067,2024-04-22,West,Sports,135.46,10.75,7,58,5,0,4
C00040,2024-04-22,North,Fashion,56.56,18.69,5,77,6,1,2
C00235,2024-04-22,East,Home,69.21,26.25,5,49,4,0,4
C00172,2024-04-22,East,Fashion,49.95,16.82,1,66,6,0,4
C00468,2024-04-23,West,Fashion,69.8,23.24,3,157,5,0,3
C00071,2024-04-23,East,Electronics,119.41,2.0,4,18,4,0,4
C00651,2024-04-23,East,Electronics,209.45,4.79,2,112,5,0,5
C00495,2024-04-24,West,Home,78.14,19.25,4,21,4,0,4
C00601,2024-04-24,East,Home,87.53,8.22,3,130,3,0,4
C00205,2024-04-24,East,Beauty,55.54,13.32,4,9,7,0,3
C00603,2024-04-25,West,Sports,109.58,15.26,3,161,4,1,3
C00453,2024-04-25,East,Home,72.09,15.52,2,108,7,1,3
C00608,2024-04-26,East,Fashion,107.18,16.66,3,76,8,0,3
C00531,2024-04-26,West,Sports,64.47,29.87,3,51,8,0,4
C00291,2024-04-26,East,Fashion,85.55,9.2,3,10,4,0,4
C00406,2024-04-27,East,Fashion,45.39,7.2,4,81,5,0,5
C00217,2024-04-27,East,Electronics,120.31,17.74,5,71,4,0,3
C00205,2024-04-27,East,Home,100.2,12.21,3,53,4,0,4
C00097,2024-04-27,East,Sports,75.76,12.2,3,73,5,0,4
C00199,2024-04-27,West,Beauty,46.16,9.61,4,64,7,0,3
C00428,2024-04-27,West,Fashion,57.55,7.84,5,99,3,0,4
C00496,2024-04-28,East,Fashion,59.64,17.48,4,45,6,0,3
C00313,2024-04-28,South,Sports,60.41,19.0,5,35,1,0,3
C00426,2024-04-28,East,Fashion,62.03,5.56,3,33,5,1,4
C00459,2024-04-29,South,Home,98.36,13.13,3,99,11,0,5
C00219,2024-04-29,North,Home,140.69,0.0,4,110,6,1,2
C00083,2024-04-29,East,Fashion,48.33,8.63,7,36,6,0,4
C00377,2024-04-29,South,Sports,151.14,9.89,3,112,3,0,5
C00564,2024-04-30,East,Fashion,63.3,11.89,4,46,3,0,3
C00227,2024-04-30,East,Electronics,95.22,20.91,3,83,5,0,5
C00318,2024-05-01,North,Fashion,92.03,12.12,3,27,5,0,4
C00249,2024-05-01,East,Home,76.46,13.68,4,126,6,0,5
C00526,2024-05-01,South,Fashion,80.45,6.06,5,27,5,0,3
C00640,2024-05-01,East,Electronics,152.98,2.0,4,122,7,1,2
C00015,2024-05-02,North,Home,114.73,3.29,1,91,4,1,5
C00398,2024-05-03,West,Beauty,52.05,7.58,6,55,8,0,3
C00474,2024-05-03,North,Fashion,86.35,0.0,5,146,3,0,3
C00490,2024-05-03,South,Sports,60.11,9.26,4,53,5,0,4
C00176,2024-05-03,South,Electronics,135.99,10.61,4,12,8,0,3
C00662,2024-05-04,South,Beauty,73.01,20.39,6,53,6,0,3
C00136,2024-05-04,East,Home,86.47,17.93,6,29,6,0,3
C00049,2024-05-04,South,Sports,35.76,6.99,4,45,5,0,3
C00495,2024-05-05,East,Electronics,321.69,5.26,3,35,2,0,4
C00329,2024-05-05,North,Home,90.6,21.67,6,27,3,0,3
C00366,2024-05-05,East,Home,84.34,20.16,2,84,4,0,5
C00169,2024-05-05,East,Home,66.09,19.19,1,75,2,0,4
C00672,2024-05-05,North,Fashion,60.25,7.41,1,81,6,0,4
C00146,2024-05-07,South,Fashion,129.22,17.67,3,97,3,0,3
C00103,2024-05-07,North,Fashion,69.79,5.6,2,31,5,0,4
C00671,2024-05-07,South,Home,47.03,21.08,3,26,4,0,4
C00221,2024-05-07,North,Beauty,44.27,14.13,6,79,6,1,3
C00334,2024-05-07,East,Electronics,146.07,18.93,4,28,4,0,4
C00498,2024-05-08,South,Electronics,143.36,23.14,2,65,11,0,3
C00007,2024-05-08,West,Home,137.46,14.35,4,78,5,0,3
C00280,2024-05-08,East,Home,93.64,2.78,4,55,3,0,4
C00308,2024-05-08,North,Sports,116.55,1.27,4,123,5,0,3
C00641,2024-05-08,North,Fashion,77.32,8.1,3,18,10,0,4
C00337,2024-05-09,North,Electronics,105.77,2.68,2,45,5,1,3
C00170,2024-05-10,North,Electronics,80.57,12.97,6,33,2,0,4
C00366,2024-05-10,East,Home,107.71,17.52,6,34,5,0,4
C00460,2024-05-10,East,Beauty,42.98,5.73,5,103,10,0,3
C00208,2024-05-10,West,Electronics,113.92,6.7,1,32,6,0,3
C00575,2024-05-10,South,Sports,60.49,24.77,2,45,9,0,5
C00139,2024-05-11,East,Sports,81.68,10.23,5,76,4,0,4
C00195,2024-05-11,East,Fashion,58.59,14.02,3,66,4,0,4
C00515,2024-05-11,South,Home,66.78,9.39,4,82,3,1,3
C00471,2024-05-11,South,Home,98.68,0.0,4,9,9,1,4
C00148,2024-05-11,North,Fashion,48.37,25.89,2,71,6,0,4
C00250,2024-05-11,North,Beauty,46.65,0.0,5,69,5,0,3
C00217,2024-05-11,East,Fashion,84.54,19.88,3,103,9,0,3
C00413,2024-05-12,West,Fashion,44.33,9.03,5,112,7,0,4
C00329,2024-05-12,North,Electronics,261.16,6.71,2,120,3,0,3
C00330,2024-05-12,East,Beauty,48.12,12.86,7,11,5,0,3
C00668,2024-05-13,East,Beauty,29.55,9.71,3,16,7,0,3
C00155,2024-05-14,West,Sports,72.12,13.29,2,21,4,0,4
C00277,2024-05-14,West,Home,99.05,11.58,1,67,5,0,5
C00632,2024-05-14,North,Fashion,89.61,14.85,4,33,7,0,3
C00361,2024-05-14,North,Sports,80.63,11.44,5,47,5,1,3
C00032,2024-05-15,East,Fashion,48.41,17.15,3,55,6,1,3
C00381,2024-05-15,East,Fashion,51.16,16.69,2,83,8,0,4
C00607,2024-05-16,South,Electronics,129.8,10.42,3,39,1,0,4
C00353,2024-05-16,West,Home,86.19,7.39,5,23,3,0,4
C00172,2024-05-16,South,Beauty,40.15,15.89,5,34,6,0,3
C00435,2024-05-16,West,Home,48.02,25.6,4,95,4,0,2
C00578,2024-05-16,West,Electronics,241.68,12.32,3,80,7,0,3
C00214,2024-05-16,North,Fashion,76.15,15.68,5,33,6,0,4
C00217,2024-05-17,North,Electronics,172.81,6.4,3,28,6,0,4
C00267,2024-05-17,West,Fashion,41.57,11.03,2,104,7,0,4
C00337,2024-05-17,South,Sports,64.74,18.38,3,68,3,1,4
C00110,2024-05-18,West,Electronics,232.53,16.64,3,20,4,0,4
C00508,2024-05-18,East,Fashion,73.97,13.12,1,34,3,0,4
C00090,2024-05-18,North,Sports,42.24,21.14,5,53,3,1,4
C00549,2024-05-18,North,Beauty,43.02,19.62,5,82,4,0,3
C00593,2024-05-19,West,Beauty,43.85,11.16,3,48,5,0,4
C00112,2024-05-20,North,Beauty,30.0,20.14,5,34,5,0,4
C00511,2024-05-20,East,Beauty,67.17,5.89,4,50,4,0,3
C00376,2024-05-20,South,Home,98.33,7.83,4,51,6,0,4
C00556,2024-05-21,West,Electronics,168.21,9.74,4,26,3,0,4
C00429,2024-05-21,North,Electronics,262.4,11.84,5,129,4,1,2
C00346,2024-05-21,East,Fashion,62.26,0.0,4,62,4,0,4
C00091,2024-05-22,West,Electronics,190.71,6.06,2,76,5,0,4
C00472,2024-05-22,East,Sports,50.79,15.65,4,84,8,0,4
C00319,2024-05-22,North,Fashion,57.32,8.28,6,149,4,0,3
C00428,2024-05-22,East,Fashion,52.11,5.87,3,88,10,0,3
C00686,2024-05-23,North,Sports,92.38,8.84,5,59,7,1,3
C00290,2024-05-23,North,Home,110.73,18.83,1,32,5,0,3
C00041,2024-05-23,West,Home,91.73,9.12,2,101,6,0,4
C00629,2024-05-24,West,Home,102.15,14.03,3,48,7,0,4
C00650,2024-05-24,East,Electronics,80.07,32.04,5,6,5,0,3
C00087,2024-05-25,South,Electronics,216.55,4.07,3,72,8,0,4
C00511,2024-05-25,South,Home,120.37,12.82,6,91,5,1,2
C00213,2024-05-26,South,Sports,69.07,24.88,4,86,5,0,3
C00471,2024-05-26,East,Beauty,47.88,13.03,4,68,3,1,3
C00389,2024-05-26,North,Electronics,117.39,13.84,4,69,7,0,4
C00597,2024-05-26,South,Sports,119.18,8.05,3,100,4,0,3
C00097,2024-05-26,East,Home,148.93,12.39,3,12,6,0,4
C00318,2024-05-27,North,Electronics,189.84,13.17,6,66,4,0,3
C00201,2024-05-27,East,Electronics,205.23,21.73,4,79,4,0,3
C00609,2024-05-27,East,Home,49.54,5.77,4,72,5,1,3
C00672,2024-05-27,North,Home,68.4,18.25,4,20,9,0,4
C00640,2024-05-28,West,Beauty,42.16,8.3,2,22,5,0,4
C00606,2024-05-28,East,Fashion,59.58,10.79,4,32,7,0,3
C00634,2024-05-28,West,Electronics,182.39,7.69,5,68,7,1,3
C00073,2024-05-28,East,Sports,65.25,14.15,4,75,4,0,3
C00106,2024-05-28,West,Fashion,86.01,0.0,3,76,7,0,4
C00108,2024-05-29,West,Sports,82.82,9.84,1,86,7,0,4
C00589,2024-05-29,South,Fashion,56.16,20.7,4,37,3,0,5
C00062,2024-05-29,West,Electronics,205.78,0.0,4,80,6,0,3
C00423,2024-05-30,East,Beauty,42.36,17.1,3,26,6,0,4
C00037,2024-05-30,West,Electronics,192.36,10.09,3,67,6,0,4
C00670,2024-05-30,North,Fashion,77.89,11.05,4,49,5,1,3
C00124,2024-05-31,North,Beauty,33.45,18.77,2,93,4,1,3
C00398,2024-05-31,West,Sports,158.08,10.28,5,66,5,0,3
C00175,2024-06-01,West,Electronics,142.65,6.26,3,10,7,0,4
C00650,2024-06-01,East,Home,100.91,12.69,3,56,4,0,4
C00600,2024-06-01,North,Electronics,198.06,14.64,3,110,6,1,3
C00388,2024-06-01,West,Electronics,173.21,17.98,7,50,2,0,3
C00412,2024-06-02,North,Beauty,56.64,8.49,4,19,4,0,3
C00479,2024-06-02,North,Beauty,54.9,24.4,3,69,10,0,3
C00623,2024-06-03,South,Electronics,251.49,11.53,3,16,7,0,5
C00220,2024-06-03,North,Fashion,79.7,6.36,3,25,5,0,4
C00500,2024-06-03,South,Beauty,87.77,2.81,2,25,3,0,4
C00608,2024-06-03,North,Electronics,224.79,12.19,3,37,5,0,5
C00504,2024-06-03,North,Home,123.09,11.12,2,76,7,1,4
C00353,2024-06-03,East,Beauty,37.52,28.95,3,61,2,0,4
C00683,2024-06-03,North,Beauty,44.68,27.11,2,17,7,1,4
C00021,2024-06-04,East,Fashion,61.4,8.57,5,130,6,0,4
C00381,2024-06-05,North,Fashion,61.49,13.86,3,74,2,0,3
C00668,2024-06-05,West,Fashion,43.54,5.05,2,71,8,0,3
C00078,2024-06-06,East,Electronics,80.26,14.31,3,126,4,0,4
C00097,2024-06-06,South,Home,132.53,17.23,6,23,8,0,3
C00226,2024-06-06,West,Sports,61.26,22.99,6,72,7,0,4
C00625,2024-06-06,East,Home,83.62,15.27,5,23,1,0,3
C00372,2024-06-07,North,Sports,128.72,27.69,4,39,4,0,3
C00004,2024-06-07,North,Home,91.14,19.28,5,37,5,1,4
C00485,2024-06-07,West,Fashion,64.57,10.17,3,27,8,0,4
C00041,2024-06-07,East,Fashion,73.87,6.18,3,29,1,1,4
C00337,2024-06-08,West,Electronics,178.92,7.64,4,72,6,0,3
C00185,2024-06-08,South,Fashion,36.62,12.62,5,161,6,1,4
C00060,2024-06-08,West,Sports,48.14,12.51,4,137,4,1,3
C00355,2024-06-08,West,Electronics,124.06,7.04,1,46,4,0,4
C00481,2024-06-08,East,Fashion,122.16,13.11,2,70,7,0,4
C00429,2024-06-09,South,Fashion,51.59,5.57,3,72,5,0,4
C00003,2024-06-09,West,Home,70.57,5.02,3,14,6,0,4
C00640,2024-06-09,West,Home,81.89,9.43,5,180,3,1,4
C00095,2024-06-09,South,Home,130.2,11.98,2,69,5,0,4
C00500,2024-06-09,North,Electronics,137.08,11.11,5,78,7,0,4
C00551,2024-06-10,North,Home,81.32,21.0,5,29,8,1,3
C00188,2024-06-10,West,Home,79.61,2.57,2,69,7,0,4
C00246,2024-06-10,West,Electronics,97.82,13.45,4,117,2,0,4
C00620,2024-06-11,North,Fashion,81.07,14.97,3,84,8,0,3
C00502,2024-06-11,South,Fashion,91.38,1.33,3,50,6,0,4
C00382,2024-06-12,East,Fashion,130.64,0.0,3,102,6,0,4
C00502,2024-06-12,North,Fashion,158.48,9.75,5,23,2,0,3
C00635,2024-06-12,South,Beauty,39.87,20.4,2,12,8,0,4
C00194,2024-06-13,West,Fashion,92.14,19.52,2,110,3,0,3
C00069,2024-06-13,East,Home,67.93,9.38,5,72,8,0,3
C00401,2024-06-13,West,Fashion,65.45,18.4,4,86,5,0,3
C00002,2024-06-13,East,Sports,68.34,7.39,3,21,5,0,4
C00011,2024-06-13,North,Fashion,55.16,4.25,1,16,4,0,4
C00039,2024-06-14,North,Sports,81.93,14.4,7,86,6,0,4
C00514,2024-06-14,North,Home,116.71,21.68,7,31,7,0,4
C00043,2024-06-15,North,Beauty,39.87,20.94,5,75,9,0,3
C00690,2024-06-15,West,Home,95.77,24.58,5,21,4,0,3
C00619,2024-06-15,East,Beauty,32.91,15.6,4,47,2,0,4
C00651,2024-06-15,East,Fashion,128.3,4.28,5,35,4,0,4
C00455,2024-06-16,North,Beauty,76.6,18.43,6,76,7,0,3
C00045,2024-06-16,North,Fashion,61.68,20.55,4,98,5,0,3
C00075,2024-06-16,West,Beauty,83.67,17.27,3,59,6,1,3
C00276,2024-06-17,South,Home,154.16,6.39,3,12,4,0,5
C00482,2024-06-17,North,Beauty,142.46,10.31,5,88,4,1,2
C00542,2024-06-17,West,Electronics,115.46,5.0,2,48,8,0,5
C00371,2024-06-18,South,Fashion,53.26,9.28,5,25,5,0,4
C00458,2024-06-19,West,Sports,118.21,13.96,5,69,3,0,3
C00098,2024-06-19,South,Electronics,156.93,15.46,4,21,8,0,4
C00227,2024-06-20,North,Home,194.92,2.1,3,70,6,0,4
C00313,2024-06-20,South,Fashion,58.3,24.32,5,133,6,0,3
C00061,2024-06-20,North,Electronics,137.59,12.94,5,28,8,0,4
C00676,2024-06-20,East,Electronics,125.65,1.63,3,12,4,0,4
C00692,2024-06-20,East,Electronics,147.89,10.32,3,59,5,0,4
C00471,2024-06-21,East,Fashion,95.09,9.93,4,56,4,1,3
C00597,2024-06-21,West,Home,85.64,5.09,3,12,6,0,5
C00594,2024-06-21,South,Sports,41.39,5.5,2,170,4,0,4
C00457,2024-06-21,North,Fashion,50.96,13.11,3,28,6,0,4
C00232,2024-06-21,South,Sports,93.07,19.41,3,52,9,0,4
C00603,2024-06-21,North,Sports,87.69,11.93,7,111,5,0,3
C00239,2024-06-21,South,Sports,74.32,26.72,4,26,7,0,4
C00110,2024-06-21,South,Beauty,103.56,15.09,4,74,5,1,3
C00605,2024-06-21,East,Electronics,118.33,14.53,7,33,7,0,3
C00482,2024-06-21,West,Home,61.29,8.76,4,40,8,0,3
C00108,2024-06-22,West,Fashion,61.42,9.86,3,122,5,0,4
C00185,2024-06-22,North,Fashion,51.82,5.15,2,61,7,0,5
C00608,2024-06-22,West,Fashion,39.03,9.52,5,57,5,0,4
C00004,2024-06-22,East,Beauty,42.7,9.64,6,29,5,0,3
C00137,2024-06-22,East,Fashion,67.81,22.4,5,31,11,0,3
C00402,2024-06-22,North,Sports,89.98,9.8,4,58,5,0,3
C00395,2024-06-22,West,Electronics,173.58,3.92,3,64,5,0,5
C00112,2024-06-22,North,Fashion,74.42,2.77,6,135,5,1,4
C00460,2024-06-23,South,Fashion,44.72,15.38,3,39,4,0,4
C00392,2024-06-24,West,Electronics,159.21,28.24,2,64,8,0,4
C00156,2024-06-24,North,Beauty,53.38,12.14,4,169,6,0,4
C00042,2024-06-24,East,Electronics,98.66,10.93,4,143,8,1,4
C00186,2024-06-25,North,Fashion,62.58,17.46,5,25,7,1,3
C00561,2024-06-25,North,Fashion,52.36,18.02,3,32,8,0,5
C00070,2024-06-25,West,Electronics,93.49,2.9,5,75,4,0,3
C00656,2024-06-26,West,Beauty,40.63,14.93,2,9,7,0,5
C00104,2024-06-26,South,Sports,129.15,13.24,3,62,3,0,5
C00212,2024-06-26,North,Electronics,76.58,14.98,3,41,7,1,4
C00297,2024-06-26,West,Sports,60.74,20.39,5,45,6,1,4
C00470,2024-06-26,North,Home,115.47,7.43,4,51,3,0,5
C00132,2024-06-27,West,Home,116.87,16.72,6,28,8,0,3
C00195,2024-06-27,East,Sports,65.09,7.31,4,42,8,0,3
C00493,2024-06-27,North,Electronics,119.59,14.46,5,12,5,0,3
C00529,2024-06-27,North,Electronics,132.49,13.36,5,95,4,0,4
C00394,2024-06-28,East,Home,103.47,10.99,4,44,12,0,4
C00099,2024-06-28,East,Home,73.2,14.38,2,27,3,0,4
C00633,2024-06-28,North,Fashion,93.82,12.06,4,32,6,0,4
C00091,2024-06-28,West,Electronics,162.85,20.56,5,60,6,0,3
C00553,2024-06-28,West,Electronics,120.27,15.19,3,15,10,1,4
C00437,2024-06-28,West,Home,74.79,19.39,2,12,8,0,4
C00511,2024-06-29,North,Beauty,54.2,15.71,6,65,5,0,3
C00175,2024-06-29,West,Electronics,67.88,15.75,5,36,8,0,3
C00679,2024-06-30,East,Fashion,88.68,8.99,4,52,4,0,4
C00050,2024-06-30,South,Home,62.98,16.93,5,38,5,1,3
C00109,2024-06-30,North,Electronics,199.17,15.22,3,64,6,0,3
C00473,2024-07-01,East,Home,65.6,16.8,5,38,4,1,3
C00342,2024-07-01,South,Fashion,54.73,9.12,3,14,7,0,4
C00269,2024-07-01,West,Electronics,198.77,11.45,6,35,3,0,3
C00271,2024-07-01,West,Sports,84.86,7.73,1,32,6,0,4
C00301,2024-07-02,East,Home,91.56,11.8,3,41,5,1,3
C00556,2024-07-02,North,Sports,48.33,10.59,3,16,5,0,4
C00493,2024-07-02,West,Beauty,32.98,24.01,5,81,6,0,4
C00504,2024-07-02,South,Fashion,70.73,23.5,6,58,4,0,3
C00341,2024-07-02,West,Electronics,150.48,18.29,5,44,7,0,4
C00305,2024-07-03,South,Beauty,30.5,18.06,3,20,5,0,5
C00348,2024-07-03,East,Beauty,56.62,10.73,5,180,5,0,4
C00085,2024-07-04,North,Electronics,77.14,19.09,3,17,2,0,3
C00239,2024-07-04,South,Home,54.61,1.75,3,93,8,0,3
C00695,2024-07-05,North,Electronics,198.23,3.7,6,47,3,0,4
C00613,2024-07-05,East,Sports,85.17,5.17,2,16,7,0,4
C00062,2024-07-05,North,Sports,51.61,14.93,1,43,5,0,4
C00421,2024-07-06,East,Sports,108.69,15.67,5,114,5,0,4
C00178,2024-07-06,West,Beauty,52.17,22.14,1,84,3,0,5
C00597,2024-07-07,West,Fashion,56.03,6.6,3,154,5,0,4
C00298,2024-07-07,South,Sports,135.35,9.48,4,96,5,1,3
C00112,2024-07-07,North,Home,145.19,13.58,3,37,7,0,4
C00166,2024-07-08,East,Sports,45.34,10.19,3,17,5,0,4
C00572,2024-07-08,West,Home,101.52,8.46,3,25,4,0,5
C00172,2024-07-08,West,Beauty,31.4,15.49,3,84,5,0,4
C00427,2024-07-08,West,Home,55.74,16.87,5,84,5,0,3
C00637,2024-07-08,West,Electronics,75.19,2.39,4,74,7,0,4
C00651,2024-07-08,South,Home,103.69,1.15,2,37,5,1,3
C00588,2024-07-08,West,Home,47.99,13.83,2,20,9,0,4
C00521,2024-07-09,North,Fashion,62.15,19.89,3,102,6,1,3
C00227,2024-07-10,South,Electronics,168.23,5.5,5,65,4,0,3
C00531,2024-07-10,East,Sports,64.47,8.82,3,29,9,0,4
C00235,2024-07-10,North,Electronics,141.59,8.06,4,64,5,0,4
C00257,2024-07-10,West,Beauty,47.32,3.59,4,60,5,0,4
C00245,2024-07-10,North,Fashion,56.33,15.51,2,55,3,1,3
C00332,2024-07-11,East,Home,143.86,18.38,5,147,8,0,4
C00327,2024-07-12,North,Fashion,71.41,8.71,3,63,6,0,4
C00668,2024-07-12,South,Electronics,143.9,2.35,1,105,4,0,4
C00387,2024-07-14,East,Fashion,113.85,18.23,4,55,5,0,4
C00019,2024-07-14,East,Fashion,132.17,9.36,5,130,8,0,4
C00521,2024-07-15,South,Home,61.78,14.35,2,61,8,0,4
C00124,2024-07-15,West,Beauty,40.63,11.04,3,57,8,0,4
C00510,2024-07-15,East,Fashion,44.96,5.67,4,62,4,0,3
C00108,2024-07-15,South,Fashion,97.7,12.47,6,68,8,0,3
C00431,2024-07-17,East,Home,117.01,24.99,4,49,8,0,4
C00390,2024-07-17,East,Home,65.55,0.77,6,66,3,0,3
C00081,2024-07-17,South,Fashion,84.96,8.41,3,47,5,0,5
C00519,2024-07-18,South,Fashion,53.19,12.38,4,94,9,0,3
C00087,2024-07-18,North,Beauty,39.87,11.81,4,18,6,0,4
C00529,2024-07-18,West,Electronics,189.07,12.84,3,49,6,0,4
C00184,2024-07-18,North,Sports,68.63,13.43,5,57,3,0,3
C00201,2024-07-18,West,Beauty,31.89,2.16,3,166,7,0,4
C00621,2024-07-19,South,Electronics,165.81,10.13,3,94,9,0,4
C00383,2024-07-19,South,Beauty,43.79,6.0,5,53,2,0,3
C00677,2024-07-19,North,Fashion,51.28,0.0,3,46,10,0,4
C00111,2024-07-19,South,Fashion,38.67,5.47,3,58,3,0,3
C00434,2024-07-19,West,Fashion,49.63,12.55,6,90,4,0,4
C00099,2024-07-19,South,Electronics,185.15,14.66,5,104,2,0,3
C00565,2024-07-19,South,Home,73.3,5.09,4,18,3,0,4
C00596,2024-07-19,North,Fashion,117.32,15.18,4,58,5,0,3
C00617,2024-07-19,North,Sports,143.94,9.79,3,27,5,0,5
C00587,2024-07-20,North,Beauty,34.1,3.21,3,29,5,0,4
C00481,2024-07-20,East,Home,81.17,15.21,3,99,6,1,4
C00208,2024-07-20,North,Electronics,193.74,7.85,1,84,7,1,4
C00426,2024-07-20,West,Beauty,51.48,14.44,4,38,8,0,4
C00125,2024-07-21,West,Fashion,96.2,1.91,7,60,5,0,4
C00429,2024-07-21,South,Fashion,49.36,14.86,5,180,6,1,4
C00135,2024-07-21,West,Fashion,53.45,14.1,3,61,5,0,4
C00526,2024-07-22,East,Home,99.89,21.17,2,69,2,0,3
C00159,2024-07-22,North,Home,142.29,8.47,5,104,7,0,4
C00569,2024-07-22,West,Fashion,66.35,8.65,4,47,4,0,3
C00105,2024-07-23,North,Fashion,43.6,3.4,4,67,10,0,3
C00093,2024-07-23,East,Home,95.8,4.03,5,36,4,0,3
C00617,2024-07-23,West,Home,107.63,12.73,6,30,6,0,3
C00199,2024-07-23,North,Beauty,38.12,24.48,1,72,5,0,4
C00311,2024-07-24,South,Home,106.93,13.85,2,42,5,0,5
C00282,2024-07-24,North,Home,89.51,9.45,3,93,4,0,3
C00561,2024-07-24,East,Electronics,169.54,8.6,3,42,4,0,4
C00022,2024-07-24,West,Home,141.18,10.36,2,62,4,0,3
C00449,2024-07-24,South,Home,159.21,17.53,5,31,6,0,3
C00224,2024-07-24,East,Electronics,134.01,0.0,1,129,8,1,4
C00463,2024-07-25,South,Fashion,38.64,8.44,5,19,4,0,4
C00206,2024-07-25,South,Beauty,38.76,7.23,3,34,3,0,4
C00534,2024-07-25,East,Fashion,78.05,17.11,3,66,4,0,2
C00019,2024-07-26,South,Sports,52.57,25.12,2,47,3,0,4
C00114,2024-07-26,North,Home,62.88,3.66,5,19,7,0,3
C00218,2024-07-26,West,Fashion,49.53,0.0,5,64,6,0,3
C00062,2024-07-26,West,Home,87.21,5.94,4,58,5,0,4
C00002,2024-07-26,North,Home,80.16,10.3,5,45,7,0,4
C00363,2024-07-26,South,Fashion,78.56,9.92,1,83,5,1,5
C00231,2024-07-27,West,Sports,86.43,8.46,4,101,6,0,4
C00396,2024-07-27,West,Home,106.65,0.59,5,46,5,0,4
C00315,2024-07-27,West,Home,43.53,1.92,2,9,4,0,4
C00428,2024-07-28,West,Home,88.85,9.48,3,24,3,1,2
C00232,2024-07-28,South,Home,74.93,8.47,3,34,4,0,4
C00038,2024-07-28,East,Fashion,47.53,1.19,4,81,7,1,2
C00027,2024-07-28,South,Beauty,74.26,12.25,5,29,11,0,3
C00249,2024-07-29,South,Fashion,40.89,26.35,4,10,5,0,2
C00209,2024-07-29,South,Fashion,89.85,11.14,3,39,10,0,4
C00343,2024-07-29,South,Beauty,29.03,13.25,1,46,11,0,4
C00148,2024-07-29,North,Fashion,53.27,22.14,2,104,8,0,4
C00307,2024-07-29,West,Electronics,215.96,2.82,4,27,7,0,4
C00422,2024-07-30,South,Home,70.86,6.46,2,48,3,0,4
C00553,2024-07-30,South,Beauty,54.83,17.32,1,28,4,0,3
C00379,2024-07-30,South,Beauty,46.62,5.24,3,94,8,0,3
C00554,2024-07-31,North,Sports,73.65,6.51,3,41,6,0,4
C00199,2024-07-31,North,Fashion,83.67,1.18,4,131,1,1,3
C00239,2024-08-01,South,Electronics,199.27,0.0,3,43,7,0,5
C00433,2024-08-01,North,Beauty,34.45,10.36,4,148,5,0,4
C00297,2024-08-02,West,Home,47.49,2.16,4,31,8,0,4
C00256,2024-08-02,North,Home,54.61,12.57,3,47,4,0,3
C00303,2024-08-02,South,Fashion,48.39,15.9,4,30,2,0,4
C00472,2024-08-03,East,Beauty,72.06,13.87,4,27,7,0,4
C00668,2024-08-03,West,Electronics,178.2,19.63,6,75,5,0,3
C00419,2024-08-03,East,Electronics,181.55,4.34,2,24,7,1,2
C00195,2024-08-03,North,Beauty,97.11,13.47,5,14,7,0,3
C00538,2024-08-03,West,Fashion,88.91,3.47,5,39,4,0,4
C00473,2024-08-04,East,Sports,73.85,6.29,5,9,4,0,5
C00101,2024-08-04,North,Fashion,57.85,15.88,2,138,6,0,4
C00548,2024-08-05,South,Home,260.54,2.37,3,74,8,1,4
C00645,2024-08-05,East,Home,110.05,19.47,5,84,6,0,4
C00526,2024-08-05,North,Electronics,141.87,11.91,6,76,6,1,2
C00154,2024-08-05,East,Home,79.67,23.05,2,101,7,0,5
C00555,2024-08-06,South,Home,82.84,22.21,4,111,4,0,3
C00553,2024-08-06,West,Electronics,83.73,24.1,5,30,5,0,5
C00535,2024-08-06,South,Sports,119.85,9.7,2,59,8,1,4
C00378,2024-08-06,East,Home,141.88,17.82,2,65,5,0,4
C00160,2024-08-07,North,Fashion,150.38,5.79,5,81,2,0,3
C00612,2024-08-07,North,Electronics,86.99,12.56,3,46,3,1,4
C00503,2024-08-07,North,Electronics,186.2,13.25,3,41,3,0,4
C00395,2024-08-08,West,Home,71.11,10.52,5,52,6,0,3
C00574,2024-08-08,East,Beauty,64.23,10.31,5,34,3,0,5
C00202,2024-08-08,East,Fashion,38.93,14.45,3,102,10,0,4
C00699,2024-08-08,North,Beauty,24.63,12.05,3,60,1,0,4
C00071,2024-08-08,West,Beauty,86.35,8.99,6,51,8,0,3
C00591,2024-08-09,West,Fashion,49.44,13.68,5,58,4,0,3
C00243,2024-08-09,West,Home,79.76,18.16,5,14,7,0,4
C00009,2024-08-09,North,Fashion,71.65,21.87,6,24,7,0,3
C00249,2024-08-09,North,Sports,101.48,5.89,3,104,7,0,5
C00691,2024-08-10,East,Fashion,43.02,4.13,3,72,14,0,4
C00057,2024-08-11,East,Home,51.16,15.74,4,74,4,0,3
C00653,2024-08-12,North,Electronics,204.48,12.02,5,20,6,0,4
C00266,2024-08-12,South,Fashion,59.38,15.86,4,20,8,0,4
C00140,2024-08-12,West,Sports,94.12,10.81,4,92,8,0,5
C00240,2024-08-12,South,Beauty,53.7,6.11,7,16,4,0,4
C00118,2024-08-12,South,Electronics,158.89,18.9,3,45,8,1,3
C00143,2024-08-12,South,Electronics,264.94,10.47,4,96,7,0,4
C00656,2024-08-13,West,Beauty,51.17,1.51,4,122,7,1,4
C00125,2024-08-13,West,Electronics,62.81,11.66,4,77,6,0,4
C00370,2024-08-13,North,Fashion,67.54,0.0,2,43,3,0,4
C00035,2024-08-13,East,Beauty,56.81,0.0,5,27,3,0,3
C00149,2024-08-13,West,Sports,102.26,8.06,6,33,7,0,3
C00250,2024-08-13,West,Home,168.76,1.59,2,68,5,0,3
C00101,2024-08-14,North,Fashion,70.72,2.69,5,100,3,1,3
C00485,2024-08-14,North,Home,81.72,10.08,3,40,6,1,3
C00093,2024-08-15,South,Fashion,109.96,8.09,4,148,5,0,3
C00402,2024-08-15,West,Sports,105.93,5.7,5,110,6,1,4
C00559,2024-08-17,West,Electronics,106.44,14.35,5,28,6,0,4
C00453,2024-08-17,South,Fashion,58.36,13.55,5,110,8,0,4
C00232,2024-08-18,West,Sports,83.84,14.8,5,60,7,0,3
C00339,2024-08-18,North,Beauty,36.48,15.87,4,111,5,0,4
C00019,2024-08-18,West,Home,91.63,16.49,2,48,7,0,3
C00017,2024-08-19,East,Beauty,46.11,14.97,6,12,6,0,4
C00104,2024-08-19,West,Sports,56.1,8.47,2,136,6,0,3
C00107,2024-08-19,North,Electronics,312.72,14.54,4,95,3,0,3
C00310,2024-08-19,West,Fashion,51.49,15.76,4,21,11,0,4
C00235,2024-08-19,South,Fashion,91.82,14.19,4,41,5,1,4
C00024,2024-08-19,West,Fashion,127.84,17.92,4,17,8,0,4
C00596,2024-08-19,South,Home,81.41,16.87,5,16,3,0,3
C00079,2024-08-20,East,Electronics,59.4,2.05,4,74,9,0,4
C00018,2024-08-20,West,Fashion,94.37,10.7,2,62,8,0,4
C00562,2024-08-20,South,Electronics,205.74,2.03,5,34,6,1,4
C00539,2024-08-21,West,Home,59.93,24.57,5,45,5,1,4
C00362,2024-08-21,North,Sports,56.73,11.96,1,18,5,1,2
C00691,2024-08-21,West,Fashion,65.8,6.07,5,51,8,1,3
C00160,2024-08-21,North,Electronics,199.85,3.43,6,35,6,1,4
C00653,2024-08-21,West,Electronics,120.51,12.11,3,55,5,1,3
C00631,2024-08-21,West,Fashion,63.87,0.0,3,25,8,0,4
C00031,2024-08-22,West,Fashion,48.46,19.67,6,25,5,0,4
C00209,2024-08-22,West,Fashion,55.34,14.45,4,77,5,0,2
C00461,2024-08-23,North,Home,190.51,7.21,5,120,6,1,3
C00250,2024-08-23,North,Electronics,203.28,24.88,3,39,5,0,4
C00364,2024-08-23,North,Home,75.7,4.57,3,83,6,0,5
C00452,2024-08-23,West,Electronics,130.66,9.88,4,140,5,0,4
C00641,2024-08-23,West,Sports,78.67,0.0,4,65,4,0,4
C00665,2024-08-23,West,Home,94.65,3.48,4,70,5,0,3
C00055,2024-08-23,East,Sports,35.25,25.18,3,40,4,1,3
C00221,2024-08-24,South,Sports,48.55,15.64,3,79,6,1,3
C00175,2024-08-24,East,Sports,77.07,15.82,4,14,2,0,3
C00329,2024-08-24,North,Electronics,152.34,0.0,4,98,3,0,4
C00169,2024-08-24,South,Electronics,133.01,7.43,4,62,4,0,4
C00570,2024-08-25,West,Sports,50.41,12.0,3,103,2,0,4
C00646,2024-08-26,South,Beauty,43.0,8.44,5,80,3,0,4
C00127,2024-08-26,South,Electronics,124.34,3.1,4,37,5,0,4
C00249,2024-08-26,West,Fashion,63.4,18.11,6,107,5,1,4
C00127,2024-08-27,East,Fashion,52.35,10.31,3,64,5,0,4
C00554,2024-08-27,West,Beauty,34.0,10.99,6,119,2,1,3
C00314,2024-08-27,North,Home,77.81,14.46,5,113,7,0,3
C00036,2024-08-27,North,Sports,160.18,1.92,5,120,7,0,3
C00176,2024-08-27,South,Electronics,276.3,0.0,2,10,5,0,4
C00147,2024-08-27,West,Fashion,79.61,14.15,5,72,5,0,4
C00368,2024-08-28,West,Electronics,143.85,3.35,5,82,5,0,4
C00314,2024-08-28,North,Fashion,71.25,9.41,5,60,5,0,4
C00106,2024-08-29,South,Fashion,69.12,9.78,3,73,7,0,3
C00216,2024-08-29,South,Fashion,54.41,30.87,4,42,2,0,3
C00641,2024-08-29,East,Fashion,58.75,15.01,3,53,5,1,3
C00697,2024-08-29,East,Fashion,88.41,10.72,1,45,4,0,4
C00302,2024-08-30,North,Home,99.65,11.02,4,59,4,0,4
C00209,2024-08-30,South,Sports,82.34,7.38,1,29,9,0,3
C00648,2024-08-30,North,Fashion,73.96,8.18,4,47,8,0,4
C00542,2024-08-30,East,Sports,40.06,13.96,5,101,9,0,3
C00616,2024-08-30,West,Sports,60.84,8.6,4,51,7,0,4
C00310,2024-08-30,South,Home,71.43,17.14,6,87,4,0,3
C00641,2024-08-30,West,Electronics,240.42,20.03,3,140,3,1,3
C00683,2024-08-31,North,Beauty,64.92,12.85,6,26,4,1,2
C00104,2024-08-31,South,Sports,118.02,17.04,6,105,1,0,3
C00093,2024-09-01,South,Fashion,35.21,27.34,5,46,5,0,3
C00090,2024-09-01,South,Electronics,113.38,10.21,4,156,8,0,3
C00292,2024-09-01,North,Electronics,202.4,4.76,4,92,3,0,4
C00133,2024-09-02,South,Electronics,231.42,16.54,4,82,6,1,3
C00315,2024-09-02,West,Beauty,42.65,7.87,4,51,3,0,4
C00303,2024-09-03,West,Electronics,132.38,10.54,2,16,7,0,3
C00587,2024-09-04,South,Electronics,141.15,9.56,4,60,5,0,4
C00601,2024-09-04,South,Home,66.73,6.1,4,104,8,0,3
C00368,2024-09-04,North,Sports,59.81,8.8,3,56,5,0,3
C00352,2024-09-05,South,Electronics,172.52,10.26,4,62,3,0,2
C00581,2024-09-05,North,Fashion,102.05,13.13,4,26,6,0,5
C00071,2024-09-05,West,Fashion,54.33,13.79,3,17,7,0,4
C00551,2024-09-05,East,Fashion,102.71,2.99,4,77,6,0,3
C00385,2024-09-05,North,Electronics,144.86,11.1,4,37,2,1,3
C00006,2024-09-05,East,Electronics,107.05,8.62,3,116,8,0,4
C00314,2024-09-05,North,Home,125.13,19.91,4,43,4,0,4
C00291,2024-09-05,North,Beauty,47.88,6.69,5,73,5,0,4
C00296,2024-09-06,North,Fashion,66.26,7.66,3,150,5,0,4
C00425,2024-09-06,West,Home,56.12,11.5,4,22,5,0,4
C00631,2024-09-06,East,Electronics,133.28,20.07,3,45,3,0,3
C00615,2024-09-06,West,Home,82.68,24.01,6,31,5,0,4
C00587,2024-09-07,South,Electronics,170.71,5.34,5,86,8,0,4
C00001,2024-09-07,East,Home,108.03,3.61,4,31,2,0,4
C00629,2024-09-07,North,Fashion,93.43,22.7,5,37,2,0,4
C00325,2024-09-07,North,Home,59.85,9.82,5,67,3,0,4
C00232,2024-09-08,South,Electronics,102.45,13.98,3,71,7,0,4
C00632,2024-09-08,North,Sports,68.6,15.66,5,30,6,0,5
C00316,2024-09-08,East,Sports,66.04,6.24,5,25,7,0,4
C00440,2024-09-08,West,Home,112.0,18.31,5,23,4,0,4
C00107,2024-09-08,West,Sports,107.15,7.52,4,87,6,0,4
C00457,2024-09-08,South,Fashion,75.05,7.93,4,20,4,0,4
C00064,2024-09-08,South,Home,68.18,12.4,2,11,7,0,4
C00402,2024-09-09,West,Electronics,90.1,18.31,3,58,5,0,4
C00179,2024-09-09,West,Home,73.48,17.24,5,48,4,0,4
C00084,2024-09-09,North,Sports,110.31,10.46,4,72,3,0,3
C00434,2024-09-09,South,Beauty,85.27,0.0,5,111,10,0,4
C00060,2024-09-09,North,Home,42.17,15.69,3,89,5,0,4
C00068,2024-09-10,South,Electronics,94.93,15.0,2,50,3,0,4
C00554,2024-09-10,North,Beauty,67.97,12.68,3,50,4,0,3
C00403,2024-09-10,South,Home,59.35,8.6,4,24,3,0,4
C00555,2024-09-10,North,Home,68.86,9.41,2,78,5,0,3
C00556,2024-09-10,East,Fashion,88.83,16.91,3,128,5,0,4
C00503,2024-09-10,South,Beauty,43.19,19.07,4,60,6,1,3
C00114,2024-09-10,West,Sports,140.84,5.95,3,20,5,0,4
C00394,2024-09-11,South,Sports,77.27,10.43,4,80,2,1,3
C00655,2024-09-12,West,Fashion,78.0,4.59,4,34,4,0,3
C00355,2024-09-12,North,Beauty,61.2,10.42,4,63,8,0,3
C00174,2024-09-12,North,Home,149.25,6.76,4,49,5,1,3
C00012,2024-09-12,South,Home,120.68,12.07,2,21,4,1,4
C00700,2024-09-13,West,Home,69.35,12.65,5,64,8,1,4
C00569,2024-09-13,North,Home,114.96,1.16,2,39,3,0,4
C00548,2024-09-13,North,Sports,93.35,16.11,3,31,5,0,3
C00559,2024-09-14,West,Beauty,33.12,16.74,5,12,8,1,4
C00217,2024-09-15,South,Beauty,23.59,20.97,4,92,4,0,3
C00335,2024-09-15,North,Electronics,115.07,5.15,4,87,4,0,3
C00355,2024-09-16,South,Home,89.17,8.98,4,82,6,0,3
C00341,2024-09-16,East,Electronics,122.57,20.41,3,123,8,0,4
C00542,2024-09-16,North,Electronics,77.21,7.61,4,56,5,0,3
C00358,2024-09-16,West,Electronics,163.1,18.12,4,180,4,0,3
C00046,2024-09-16,East,Fashion,54.56,11.87,4,75,3,0,5
C00481,2024-09-17,West,Sports,178.96,2.06,5,107,3,0,4
C00679,2024-09-17,South,Home,77.67,10.87,6,65,5,1,4
C00379,2024-09-18,North,Beauty,72.61,9.36,2,52,4,0,3
C00390,2024-09-18,West,Electronics,113.56,15.02,6,81,6,1,3
C00196,2024-09-18,East,Beauty,46.23,17.2,6,17,4,0,4
C00680,2024-09-18,East,Fashion,64.58,8.1,4,27,8,0,3
C00126,2024-09-18,South,Beauty,64.3,14.64,5,49,7,0,4
C00222,2024-09-19,South,Electronics,97.08,9.5,4,66,6,1,4
C00579,2024-09-19,West,Sports,80.19,12.71,4,19,6,0,3
C00308,2024-09-20,West,Fashion,34.38,13.74,2,59,1,0,4
C00199,2024-09-20,West,Beauty,45.84,20.9,3,62,4,1,4
C00397,2024-09-20,North,Electronics,144.13,23.52,7,36,7,0,3
C00615,2024-09-21,East,Home,98.99,14.04,7,108,4,1,3
C00428,2024-09-21,South,Home,151.74,25.98,2,180,3,1,3
C00641,2024-09-22,North,Home,65.92,9.63,4,80,8,1,3
C00133,2024-09-22,South,Sports,81.72,12.19,2,20,9,1,4
C00244,2024-09-22,West,Fashion,58.62,18.79,3,83,4,1,4
C00426,2024-09-23,South,Sports,107.25,17.49,3,32,4,0,4
C00371,2024-09-23,North,Fashion,72.13,19.58,5,102,6,0,4
C00001,2024-09-23,West,Home,109.0,7.74,5,36,6,0,3
C00561,2024-09-23,North,Fashion,54.87,6.8,3,49,6,0,4
C00304,2024-09-24,South,Electronics,120.06,10.33,3,25,3,0,4
C00024,2024-09-24,North,Fashion,92.27,12.72,4,66,7,0,3
C00141,2024-09-24,South,Electronics,148.92,13.61,1,132,6,1,3
C00364,2024-09-24,South,Home,91.91,12.6,2,130,9,0,4
C00017,2024-09-25,South,Fashion,132.87,0.98,4,54,6,0,3
C00225,2024-09-25,North,Home,157.79,5.83,2,120,3,1,4
C00137,2024-09-25,East,Electronics,150.08,13.09,6,26,6,0,4
C00687,2024-09-26,West,Electronics,117.67,7.05,3,21,8,0,3
C00396,2024-09-26,West,Fashion,55.09,9.59,4,19,2,1,3
C00079,2024-09-27,West,Sports,67.06,0.0,2,78,5,0,4
C00512,2024-09-27,North,Fashion,57.01,8.69,5,66,10,0,5
C00186,2024-09-27,West,Fashion,103.68,35.0,4,55,3,0,4
C00548,2024-09-28,West,Home,73.19,18.96,5,71,4,0,4
C00122,2024-09-28,East,Fashion,66.62,23.62,2,43,7,0,4
C00688,2024-09-28,South,Electronics,81.36,15.83,5,12,4,0,3
C00238,2024-09-29,West,Sports,131.85,13.95,5,55,7,1,3
C00260,2024-09-29,North,Sports,88.93,5.2,4,35,5,1,4
C00025,2024-09-30,South,Fashion,72.38,21.15,1,70,6,0,4
C00623,2024-10-01,West,Fashion,43.5,16.06,5,70,4,0,4
C00349,2024-10-01,West,Sports,47.4,9.46,3,61,7,0,4
C00040,2024-10-01,North,Home,78.53,4.87,3,28,4,0,4
C00062,2024-10-02,West,Fashion,49.32,15.61,4,30,9,0,3
C00141,2024-10-02,East,Fashion,107.84,10.1,5,18,10,0,3
C00444,2024-10-02,East,Fashion,65.36,31.76,5,68,4,0,4
C00383,2024-10-03,North,Electronics,197.87,5.47,3,60,3,0,4
C00341,2024-10-04,East,Home,107.11,1.71,4,32,9,0,4
C00140,2024-10-04,North,Home,55.71,8.43,4,87,6,0,4
C00029,2024-10-04,North,Home,154.03,2.82,3,58,6,1,3
C00389,2024-10-05,West,Fashion,55.41,3.55,6,67,8,1,3
C00558,2024-10-06,North,Electronics,132.64,13.69,3,106,9,1,2
C00428,2024-10-06,East,Sports,63.23,19.57,5,91,5,1,3
C00167,2024-10-06,East,Electronics,165.73,11.37,1,26,4,1,4
C00105,2024-10-06,East,Home,103.12,17.56,3,53,8,0,4
C00103,2024-10-07,North,Beauty,41.9,12.81,4,31,8,0,4
C00043,2024-10-07,East,Electronics,119.7,0.0,5,131,4,0,4
C00175,2024-10-08,East,Fashion,77.53,0.0,6,83,10,0,3
C00192,2024-10-08,East,Home,79.62,12.0,5,70,4,1,4
C00411,2024-10-08,West,Home,89.63,16.62,3,47,4,0,4
C00102,2024-10-09,North,Home,84.56,19.47,5,34,9,0,3
C00107,2024-10-09,North,Electronics,92.48,14.03,4,110,6,0,4
C00624,2024-10-10,North,Beauty,28.72,28.28,2,79,9,0,3
C00622,2024-10-10,West,Beauty,56.35,13.32,4,35,7,0,4
C00450,2024-10-10,West,Fashion,69.14,4.63,5,33,6,0,4
C00662,2024-10-11,East,Electronics,146.56,17.0,2,113,8,0,4
C00252,2024-10-11,East,Fashion,96.95,2.49,4,91,6,0,4
C00248,2024-10-11,North,Fashion,37.81,6.53,2,64,3,0,5
C00323,2024-10-12,South,Home,110.78,0.0,5,34,6,0,4
C00103,2024-10-12,North,Fashion,59.88,12.28,5,22,6,0,4
C00502,2024-10-13,North,Fashion,62.7,0.0,2,108,3,0,4
C00564,2024-10-14,South,Fashion,63.94,2.56,4,90,6,1,2
C00471,2024-10-14,North,Fashion,72.84,17.42,4,35,3,1,4
C00239,2024-10-15,South,Home,51.82,15.15,4,161,8,1,3
C00032,2024-10-15,East,Sports,54.93,15.97,4,60,5,0,4
C00472,2024-10-16,West,Beauty,45.22,14.14,3,16,7,1,3
C00553,2024-10-16,South,Home,141.18,10.73,3,41,7,1,3
C00094,2024-10-16,West,Beauty,48.08,13.65,5,38,5,0,4
C00608,2024-10-17,South,Electronics,183.35,0.0,2,43,4,0,5
C00275,2024-10-17,West,Beauty,42.37,7.47,5,18,6,0,3
C00314,2024-10-17,South,Sports,56.7,8.17,6,96,5,1,3
C00503,2024-10-17,North,Sports,94.12,8.24,3,91,4,0,5
C00108,2024-10-17,West,Electronics,218.42,12.39,3,63,5,0,3
C00440,2024-10-17,South,Electronics,146.59,10.3,2,48,4,0,3
C00330,2024-10-17,West,Beauty,51.79,16.7,4,52,3,0,4
C00563,2024-10-17,North,Fashion,32.26,12.09,4,66,7,0,4
C00361,2024-10-18,South,Beauty,35.29,16.88,4,28,11,0,4
C00481,2024-10-18,North,Electronics,85.78,16.43,5,14,3,0,4
C00201,2024-10-18,West,Beauty,35.89,13.8,1,20,3,0,4
C00247,2024-10-18,West,Home,104.7,11.36,6,96,4,0,3
C00615,2024-10-18,West,Beauty,63.83,11.64,2,78,6,1,4
C00476,2024-10-19,West,Home,94.57,10.21,4,180,9,0,5
C00616,2024-10-19,West,Fashion,28.87,23.86,4,39,6,0,4
C00133,2024-10-20,North,Sports,60.93,7.07,6,68,3,0,3
C00271,2024-10-20,South,Home,82.36,6.19,2,109,5,1,4
C00683,2024-10-21,North,Home,64.46,8.21,4,45,3,0,3
C00116,2024-10-21,South,Home,102.35,9.64,1,83,4,0,4
C00239,2024-10-21,East,Home,110.51,10.52,3,12,3,0,5
C00080,2024-10-21,East,Home,84.1,17.97,1,36,6,1,4
C00242,2024-10-22,South,Electronics,166.52,11.73,4,65,7,0,3
C00328,2024-10-22,West,Fashion,75.87,19.86,4,33,7,0,5
C00304,2024-10-22,East,Electronics,311.46,3.99,2,66,5,0,5
C00490,2024-10-22,South,Home,88.67,0.0,4,167,6,0,4
C00599,2024-10-22,North,Fashion,118.42,5.4,3,107,4,0,4
C00187,2024-10-22,West,Home,85.31,16.34,2,66,6,0,3
C00407,2024-10-23,West,Electronics,164.57,3.09,5,59,4,0,4
C00300,2024-10-23,North,Fashion,69.35,11.73,2,68,3,1,3
C00164,2024-10-23,East,Beauty,51.2,8.76,2,23,5,0,4
C00562,2024-10-23,South,Fashion,82.99,1.8,2,71,2,0,3
C00428,2024-10-23,South,Fashion,36.14,9.72,4,33,4,0,4
C00638,2024-10-24,East,Home,108.6,10.09,4,57,3,1,3
C00469,2024-10-24,North,Home,119.56,12.58,7,76,4,1,3
C00289,2024-10-24,East,Sports,55.62,12.68,5,98,8,0,3
C00379,2024-10-25,South,Fashion,48.48,16.46,2,41,5,1,4
C00163,2024-10-25,East,Electronics,189.34,5.53,4,56,7,0,5
C00611,2024-10-25,South,Fashion,84.31,2.37,4,160,4,0,3
C00404,2024-10-25,East,Electronics,128.38,9.79,4,17,6,0,4
C00349,2024-10-25,East,Home,80.47,12.53,4,80,4,0,4
C00396,2024-10-26,North,Home,117.15,5.67,2,23,8,1,3
C00429,2024-10-26,West,Beauty,48.85,7.1,5,60,5,0,3
C00545,2024-10-26,West,Fashion,91.99,13.35,4,105,5,0,4
C00513,2024-10-27,East,Fashion,61.07,7.25,4,97,6,1,4
C00399,2024-10-27,West,Beauty,29.88,0.0,3,133,9,0,4
C00148,2024-10-27,West,Fashion,52.38,23.63,4,38,5,0,3
C00210,2024-10-27,North,Fashion,58.04,5.73,3,46,6,0,3
C00226,2024-10-27,South,Beauty,30.67,12.68,2,42,9,0,4
C00072,2024-10-27,North,Home,47.41,10.57,4,54,7,0,3
C00584,2024-10-28,East,Fashion,32.25,16.43,3,97,11,0,3
C00560,2024-10-28,North,Electronics,163.64,2.45,6,58,3,1,3
C00293,2024-10-28,South,Electronics,180.65,8.31,5,180,5,1,3
C00478,2024-10-28,North,Home,64.89,8.0,3,47,6,0,4
C00417,2024-10-29,West,Electronics,66.89,14.8,7,71,4,0,2
C00180,2024-10-29,East,Fashion,70.72,21.24,3,57,6,1,4
C00297,2024-10-29,North,Sports,149.4,13.05,4,115,4,0,3
C00511,2024-10-29,West,Electronics,133.42,0.0,3,69,6,0,4
C00308,2024-10-29,West,Electronics,132.8,8.78,3,48,5,0,4
C00221,2024-10-30,South,Fashion,89.73,2.57,1,91,6,1,5
C00295,2024-10-30,West,Electronics,178.94,18.2,5,132,6,1,3
C00491,2024-10-30,South,Fashion,76.96,13.68,3,53,11,0,4
C00413,2024-10-30,North,Sports,75.41,21.38,5,51,8,0,3
C00271,2024-10-30,West,Fashion,103.71,6.49,4,8,5,0,3
C00348,2024-10-30,North,Home,139.82,4.79,5,16,3,0,4
C00615,2024-10-31,South,Electronics,143.78,11.66,4,122,6,0,4
C00290,2024-10-31,West,Electronics,133.4,30.28,4,146,8,0,3
C00510,2024-10-31,North,Electronics,182.86,15.89,4,17,2,1,3
C00593,2024-10-31,West,Electronics,130.63,7.46,4,180,5,0,2
C00028,2024-10-31,West,Fashion,32.71,20.32,3,76,12,1,4
C00572,2024-11-01,South,Fashion,90.33,8.43,5,158,7,0,3
C00096,2024-11-02,South,Fashion,92.65,10.7,1,7,6,0,4
C00015,2024-11-02,South,Beauty,90.26,21.35,4,69,5,1,3
C00068,2024-11-03,West,Fashion,88.19,1.45,2,97,7,0,3
C00071,2024-11-03,North,Fashion,89.27,6.28,3,107,4,0,4
C00309,2024-11-03,West,Electronics,229.15,20.1,5,70,3,0,3
C00035,2024-11-03,West,Home,138.0,5.17,3,51,13,0,4
C00273,2024-11-03,South,Sports,156.78,3.29,4,180,5,1,3
C00247,2024-11-03,North,Beauty,69.13,6.7,2,37,4,0,3
C00145,2024-11-04,South,Home,52.54,10.98,3,22,7,1,3
C00646,2024-11-04,East,Electronics,122.58,15.06,6,78,7,0,4
C00107,2024-11-05,South,Home,133.86,0.64,3,135,9,0,3
C00664,2024-11-05,South,Home,66.97,16.18,6,164,4,0,4
C00243,2024-11-05,West,Home,89.94,4.1,2,36,5,0,4
C00568,2024-11-05,North,Electronics,110.38,26.54,4,82,5,1,4
C00677,2024-11-06,South,Electronics,90.74,10.13,2,43,6,1,4
C00394,2024-11-06,South,Home,92.31,11.56,5,36,6,0,4
C00033,2024-11-06,North,Fashion,64.82,18.28,4,35,7,0,3
C00230,2024-11-06,North,Electronics,293.56,11.71,6,34,5,0,3
C00193,2024-11-07,South,Home,95.71,21.85,4,40,4,0,4
C00514,2024-11-07,West,Electronics,83.43,8.72,3,32,5,0,4
C00114,2024-11-07,East,Fashion,46.04,12.78,4,11,10,0,3
C00385,2024-11-08,West,Electronics,127.0,17.32,5,153,6,0,3
C00413,2024-11-08,East,Beauty,46.83,16.12,3,121,5,0,3
C00682,2024-11-08,West,Fashion,87.31,5.8,4,55,11,0,4
C00223,2024-11-08,North,Fashion,91.72,7.13,6,33,4,0,3
C00632,2024-11-08,West,Home,100.24,14.78,2,96,4,1,3
C00061,2024-11-09,South,Electronics,106.06,10.01,5,50,4,0,4
C00405,2024-11-09,West,Beauty,85.44,2.53,3,96,6,0,4
C00218,2024-11-09,North,Fashion,81.45,24.27,5,31,4,0,3
C00433,2024-11-09,South,Electronics,205.4,15.67,5,19,9,0,3
C00072,2024-11-10,South,Beauty,104.63,22.11,1,82,8,0,3
C00125,2024-11-10,East,Sports,78.52,20.83,5,71,5,0,3
C00077,2024-11-10,East,Home,96.04,15.3,4,14,7,0,3
C00133,2024-11-11,East,Home,83.16,17.13,5,38,5,1,4
C00079,2024-11-11,East,Fashion,70.66,13.46,4,41,5,0,3
C00191,2024-11-11,West,Electronics,145.92,18.76,4,116,7,0,2
C00463,2024-11-12,West,Electronics,157.88,15.04,4,139,7,1,3
C00198,2024-11-12,East,Beauty,76.94,14.62,4,26,5,0,3
C00436,2024-11-12,East,Beauty,64.5,3.9,2,82,3,0,3
C00342,2024-11-13,South,Fashion,58.03,12.94,5,79,5,0,4
C00550,2024-11-13,North,Electronics,161.79,12.75,3,26,9,0,3
C00502,2024-11-13,South,Beauty,33.05,15.83,4,33,4,0,3
C00557,2024-11-13,North,Home,103.7,15.26,4,53,6,0,4
C00455,2024-11-13,West,Home,92.21,17.74,3,42,5,0,3
C00156,2024-11-13,East,Electronics,125.94,0.0,5,65,7,0,4
C00494,2024-11-13,North,Fashion,45.28,17.26,4,68,6,0,4
C00436,2024-11-14,North,Home,84.33,14.65,6,22,4,0,4
C00271,2024-11-14,North,Beauty,46.76,13.23,4,87,5,0,4
C00437,2024-11-14,West,Beauty,82.18,3.72,1,54,3,0,4
C00694,2024-11-15,West,Fashion,52.16,13.05,4,6,3,0,4
C00442,2024-11-15,East,Sports,48.2,11.02,4,31,7,0,4
C00605,2024-11-15,West,Beauty,33.96,18.98,5,138,6,0,4
C00386,2024-11-15,East,Electronics,191.28,22.03,4,71,7,1,3
C00043,2024-11-16,West,Fashion,28.4,17.31,3,28,6,0,4
C00022,2024-11-16,East,Fashion,66.27,0.0,3,89,6,0,4
C00110,2024-11-16,South,Electronics,154.08,23.75,7,16,6,1,3
C00448,2024-11-16,West,Home,74.14,18.74,3,52,7,1,4
C00105,2024-11-16,East,Electronics,104.65,9.11,4,111,1,0,4
C00644,2024-11-16,East,Fashion,49.35,0.0,3,112,2,0,3
C00332,2024-11-16,West,Home,77.24,1.26,3,88,6,1,4
C00568,2024-11-17,West,Home,74.5,18.54,2,35,4,0,3
C00002,2024-11-17,South,Electronics,257.07,16.13,5,27,2,0,4
C00512,2024-11-17,South,Sports,56.97,11.09,4,89,4,0,3
C00241,2024-11-17,East,Fashion,43.61,19.73,3,86,5,1,3
C00048,2024-11-18,North,Beauty,38.39,25.9,3,38,7,0,4
C00572,2024-11-19,East,Home,57.11,24.67,3,81,4,0,3
C00147,2024-11-19,North,Electronics,83.34,10.45,7,63,6,0,4
C00502,2024-11-19,West,Fashion,105.81,6.0,5,47,6,0,3
C00225,2024-11-19,East,Beauty,56.11,19.47,3,77,8,0,5
C00142,2024-11-19,North,Beauty,37.45,9.26,4,63,3,1,3
C00392,2024-11-20,South,Home,44.99,25.31,3,11,5,0,3
C00050,2024-11-20,South,Home,66.14,14.09,3,11,7,0,4
C00112,2024-11-20,North,Electronics,80.56,16.74,3,53,3,0,4
C00640,2024-11-20,North,Fashion,62.09,19.32,3,95,3,0,4
C00323,2024-11-21,West,Home,90.85,13.94,4,28,4,0,4
C00211,2024-11-21,North,Electronics,245.64,5.71,4,132,7,0,3
C00457,2024-11-21,North,Beauty,34.19,18.65,4,6,6,0,4
C00075,2024-11-22,South,Home,83.99,26.21,2,91,8,0,3
C00683,2024-11-22,South,Home,138.63,4.43,4,78,6,0,3
C00086,2024-11-22,North,Sports,138.31,0.03,3,124,5,0,4
C00095,2024-11-22,West,Electronics,192.73,12.37,3,86,7,0,4
C00308,2024-11-22,East,Fashion,45.62,12.58,4,68,6,0,4
C00607,2024-11-22,North,Beauty,83.63,5.64,2,52,3,0,3
C00267,2024-11-22,East,Sports,74.3,11.69,3,47,11,0,5
C00118,2024-11-23,North,Home,84.04,14.15,1,53,10,0,4
C00528,2024-11-23,South,Electronics,136.57,8.74,1,34,8,0,4
C00071,2024-11-24,South,Sports,64.49,10.18,3,34,4,1,3
C00700,2024-11-24,South,Sports,82.13,12.76,3,53,6,1,3
C00064,2024-11-24,West,Beauty,77.19,5.29,3,55,5,0,4
C00350,2024-11-24,West,Fashion,68.16,1.4,3,74,3,0,4
C00174,2024-11-24,East,Sports,59.59,9.49,4,110,3,1,2
C00284,2024-11-25,South,Electronics,185.5,10.84,3,76,8,1,4
C00154,2024-11-25,North,Beauty,55.15,18.71,5,99,7,1,3
C00221,2024-11-25,North,Sports,83.92,9.24,4,45,3,0,4
C00507,2024-11-25,North,Fashion,128.15,14.15,6,111,6,0,3
C00647,2024-11-25,West,Fashion,44.37,24.36,1,62,4,0,4
C00050,2024-11-25,East,Electronics,92.32,15.19,3,127,5,0,4
C00377,2024-11-26,North,Beauty,77.64,15.41,3,29,6,0,3
C00309,2024-11-26,South,Home,75.58,7.77,4,37,8,0,4
C00452,2024-11-27,East,Fashion,77.32,9.95,4,32,5,0,3
C00239,2024-11-27,East,Home,75.79,0.0,4,61,7,0,4
C00226,2024-11-27,East,Fashion,57.39,13.58,3,28,10,0,4
C00670,2024-11-28,North,Home,94.58,5.46,5,159,3,1,2
C00388,2024-11-28,South,Fashion,61.23,9.33,4,126,5,0,4
C00358,2024-11-28,South,Home,86.5,27.3,6,81,6,1,3
C00624,2024-11-28,East,Sports,117.4,6.9,5,34,4,0,3
C00383,2024-11-28,North,Home,79.89,10.03,4,122,6,0,4
C00225,2024-11-28,West,Fashion,56.05,17.41,6,27,4,0,3
C00375,2024-11-28,West,Home,115.16,0.95,3,89,5,0,4
C00272,2024-11-30,West,Fashion,89.4,15.45,3,9,4,0,2
C00578,2024-11-30,North,Beauty,56.92,2.5,4,86,8,1,3
C00359,2024-11-30,North,Home,94.39,6.26,4,128,4,0,3
C00197,2024-11-30,North,Beauty,51.9,7.1,5,90,4,0,4
C00204,2024-11-30,West,Home,99.52,18.44,3,58,3,1,4
C00194,2024-12-01,North,Home,94.15,10.18,3,94,7,0,3
C00497,2024-12-01,West,Fashion,123.37,12.19,3,58,5,0,4
C00501,2024-12-01,South,Sports,73.59,12.84,3,11,2,1,4
C00308,2024-12-01,South,Fashion,48.08,13.42,5,31,5,0,3
C00167,2024-12-02,South,Sports,57.5,18.63,5,46,3,1,2
C00343,2024-12-02,South,Electronics,146.43,12.06,2,19,12,0,4
C00640,2024-12-03,East,Beauty,56.73,7.73,3,62,7,0,5
C00653,2024-12-03,West,Beauty,29.58,13.02,5,86,7,0,2
C00093,2024-12-03,North,Sports,98.62,24.87,3,29,7,0,4
C00330,2024-12-04,South,Home,109.87,18.63,5,78,8,0,3
C00101,2024-12-04,East,Electronics,98.99,12.71,4,60,9,0,5
C00454,2024-12-04,North,Beauty,53.59,15.86,1,87,3,1,5
C00364,2024-12-04,North,Electronics,164.47,17.69,3,62,7,0,4
C00674,2024-12-05,West,Beauty,67.26,13.09,2,149,6,0,3
C00078,2024-12-06,West,Home,112.52,10.11,4,129,7,1,3
C00636,2024-12-06,East,Sports,82.7,11.4,4,128,7,1,4
C00464,2024-12-07,East,Fashion,49.73,8.23,4,39,4,1,4
C00418,2024-12-07,South,Fashion,44.89,7.23,1,44,2,1,4
C00179,2024-12-08,North,Home,79.49,9.49,5,63,4,0,3
C00131,2024-12-08,North,Home,47.64,15.72,3,101,9,0,5
C00521,2024-12-08,West,Electronics,220.33,0.0,4,55,5,0,3
C00653,2024-12-08,West,Electronics,201.7,0.0,4,57,11,0,4
C00181,2024-12-09,East,Home,73.06,8.09,5,29,7,0,4
C00031,2024-12-10,North,Electronics,183.61,17.82,5,50,7,0,3
C00614,2024-12-10,West,Sports,57.34,20.06,3,107,3,0,3
C00246,2024-12-10,West,Home,100.66,20.35,6,66,10,0,4
C00185,2024-12-10,East,Fashion,96.24,0.0,1,50,2,1,2
C00300,2024-12-10,South,Electronics,91.85,15.15,6,100,2,1,3
C00621,2024-12-10,West,Sports,64.31,21.69,6,28,4,0,3
C00080,2024-12-11,East,Home,97.39,17.7,3,5,8,0,4
C00610,2024-12-11,North,Fashion,66.33,15.25,5,60,3,1,3
C00164,2024-12-11,East,Beauty,45.8,8.08,3,43,4,0,4
C00197,2024-12-11,West,Home,97.7,19.17,5,71,6,0,3
C00520,2024-12-12,South,Electronics,159.19,13.28,3,63,5,0,3
C00554,2024-12-12,West,Fashion,45.33,17.22,5,76,5,0,4
C00627,2024-12-12,South,Beauty,44.65,14.32,5,67,3,0,3
C00415,2024-12-12,West,Fashion,84.83,0.48,4,114,7,0,3
C00691,2024-12-12,North,Sports,110.73,10.56,3,140,3,1,3
C00698,2024-12-12,West,Fashion,53.76,6.64,4,44,6,0,3
C00547,2024-12-12,West,Fashion,52.7,9.72,5,55,3,0,3
C00682,2024-12-12,South,Fashion,44.92,14.29,4,116,8,0,3
C00494,2024-12-12,East,Fashion,87.33,6.23,3,38,2,0,3
C00597,2024-12-13,East,Home,65.56,5.29,2,22,8,1,3
C00112,2024-12-13,East,Electronics,177.03,7.94,5,87,7,0,3
C00091,2024-12-13,North,Fashion,49.15,16.0,4,44,5,0,3
C00231,2024-12-14,East,Home,98.33,15.04,5,13,6,0,3
C00308,2024-12-14,North,Electronics,112.95,26.87,7,54,6,0,4
C00369,2024-12-14,West,Electronics,113.83,23.87,3,25,5,0,4
C00217,2024-12-14,South,Sports,139.07,2.41,3,140,7,0,4
C00333,2024-12-14,South,Home,84.75,5.13,6,82,4,0,3
C00325,2024-12-15,West,Fashion,63.55,0.0,4,37,3,0,3
C00027,2024-12-15,North,Beauty,54.0,15.81,4,95,7,0,3
C00530,2024-12-15,North,Sports,71.14,11.1,3,57,6,0,3
C00520,2024-12-15,East,Sports,47.67,19.31,3,35,3,0,4
C00281,2024-12-16,West,Home,109.83,13.37,5,41,6,0,3
C00699,2024-12-16,South,Home,92.31,14.59,2,55,3,1,3
C00242,2024-12-16,North,Sports,84.44,8.7,7,78,4,0,3
C00502,2024-12-16,North,Electronics,97.27,24.56,2,47,10,0,5
C00238,2024-12-17,West,Fashion,67.45,11.46,2,52,7,0,3
C00066,2024-12-17,North,Beauty,31.28,7.51,3,172,7,0,5
C00054,2024-12-17,West,Fashion,54.61,13.73,6,44,4,0,4
C00530,2024-12-17,South,Fashion,90.5,6.07,6,52,5,0,3
C00087,2024-12-17,West,Home,118.38,14.46,5,40,6,0,4
C00452,2024-12-18,West,Electronics,220.79,13.58,2,79,5,1,4
C00281,2024-12-19,South,Fashion,67.33,16.15,3,46,2,0,3
C00064,2024-12-19,West,Electronics,89.42,11.38,2,33,10,0,5
C00401,2024-12-20,South,Sports,71.84,13.01,6,167,3,1,3
C00618,2024-12-20,West,Electronics,102.9,16.02,4,117,6,0,4
C00349,2024-12-21,South,Sports,71.02,23.36,2,130,5,1,3
C00236,2024-12-21,East,Home,90.32,13.87,3,83,4,1,3
C00695,2024-12-21,South,Fashion,70.52,14.26,4,12,3,1,4
C00021,2024-12-21,South,Fashion,59.02,5.47,4,43,4,0,5
C00131,2024-12-21,South,Beauty,60.96,11.31,3,92,2,1,3
C00190,2024-12-22,East,Electronics,178.99,8.06,4,33,8,1,2
C00054,2024-12-23,North,Home,158.05,4.12,5,65,8,0,4
C00476,2024-12-23,South,Electronics,134.03,17.56,3,72,10,1,3
C00066,2024-12-23,North,Sports,49.18,22.02,5,69,5,0,4
C00355,2024-12-23,West,Beauty,56.83,8.21,4,29,5,0,3
C00648,2024-12-23,North,Home,68.68,14.67,4,12,4,0,3
C00156,2024-12-24,West,Beauty,49.13,13.83,6,66,6,0,4
C00384,2024-12-24,East,Sports,68.66,6.89,3,47,6,0,3
C00623,2024-12-24,East,Home,70.78,4.3,6,98,6,0,3
C00564,2024-12-24,East,Electronics,100.13,26.12,4,29,6,0,4
C00505,2024-12-24,West,Sports,44.83,4.58,5,73,3,0,3
C00307,2024-12-25,East,Fashion,48.05,11.94,3,26,5,0,5
C00544,2024-12-26,East,Fashion,129.04,7.28,3,60,9,0,4
C00345,2024-12-26,North,Electronics,207.57,23.61,4,71,3,0,4
C00204,2024-12-26,North,Fashion,78.75,6.44,5,18,4,0,3
C00008,2024-12-26,North,Fashion,72.51,15.71,4,74,6,1,4
C00406,2024-12-27,West,Home,51.67,15.5,4,110,2,1,4
C00562,2024-12-27,East,Electronics,159.79,17.0,4,108,4,1,3
C00539,2024-12-27,South,Home,58.72,13.79,2,80,7,1,3
C00098,2024-12-28,East,Electronics,98.45,8.44,4,114,15,0,4
C00441,2024-12-28,East,Sports,59.46,25.5,4,65,8,0,3
C00576,2024-12-29,North,Beauty,52.68,14.42,4,35,4,0,3
C00175,2024-12-29,North,Fashion,23.27,7.55,2,41,4,0,4
C00183,2024-12-30,West,Home,104.83,17.86,2,26,5,1,4
C00209,2024-12-30,South,Fashion,45.76,25.16,6,27,5,0,2
C00339,2024-12-31,West,Fashion,68.0,17.53,5,70,7,0,3
C00028,2024-12-31,West,Fashion,32.26,4.1,3,95,5,0,4
C00113,2025-01-01,South,Fashion,55.57,23.17,2,36,9,1,4
C00672,2025-01-01,West,Home,156.89,19.4,2,76,8,0,4
C00140,2025-01-01,North,Electronics,136.17,21.47,5,43,1,1,2
C00283,2025-01-01,East,Home,108.4,4.57,3,37,6,1,4
C00229,2025-01-01,West,Sports,141.55,8.25,5,110,6,0,4
C00570,2025-01-01,South,Sports,65.75,7.6,4,17,3,0,4
C00096,2025-01-02,West,Beauty,26.2,10.34,6,37,6,0,4
C00233,2025-01-02,South,Home,49.86,1.9,2,20,4,0,4
C00134,2025-01-02,West,Electronics,119.9,12.32,5,5,7,0,5
C00400,2025-01-02,North,Beauty,76.08,14.12,3,38,3,0,4
C00030,2025-01-02,South,Fashion,40.78,11.35,4,53,4,1,2
C00017,2025-01-02,East,Home,148.26,5.67,5,118,2,0,3
C00589,2025-01-02,South,Home,129.03,9.55,1,100,6,1,4
C00098,2025-01-03,South,Fashion,118.07,10.39,4,27,8,0,4
C00496,2025-01-03,East,Home,110.49,0.23,7,95,8,0,3
C00022,2025-01-04,East,Beauty,81.69,0.0,3,30,4,0,5
C00327,2025-01-04,North,Electronics,109.06,24.2,3,24,7,0,3
C00460,2025-01-04,North,Fashion,55.29,16.04,5,48,10,1,2
C00368,2025-01-04,North,Electronics,124.38,4.47,2,66,8,0,4
C00255,2025-01-05,North,Home,153.95,23.65,3,31,5,0,4
C00273,2025-01-05,South,Fashion,73.27,3.1,5,38,6,0,4
C00359,2025-01-05,East,Home,122.71,12.41,4,75,7,1,4
C00218,2025-01-05,South,Electronics,63.82,13.42,4,31,5,0,3
C00279,2025-01-05,West,Sports,44.28,12.8,6,61,6,0,3
C00680,2025-01-05,East,Fashion,48.3,3.99,4,69,7,0,4
C00385,2025-01-06,East,Electronics,88.97,27.31,6,31,4,0,3
C00572,2025-01-06,West,Beauty,54.07,19.32,7,90,6,0,4
C00179,2025-01-06,West,Beauty,72.92,6.7,4,53,3,0,4
C00634,2025-01-06,West,Fashion,46.63,8.33,4,74,5,0,4
C00273,2025-01-06,South,Home,51.6,8.77,5,42,6,0,3
C00211,2025-01-07,North,Electronics,220.94,7.71,4,23,3,0,4
C00067,2025-01-07,South,Electronics,143.24,10.57,2,104,7,0,5
C00495,2025-01-07,South,Electronics,187.15,12.22,6,79,3,0,3
C00384,2025-01-07,South,Fashion,75.65,20.9,4,79,5,1,2
C00381,2025-01-08,South,Sports,68.2,0.0,4,38,2,0,5
C00355,2025-01-08,West,Beauty,39.27,25.5,2,34,9,1,3
C00423,2025-01-08,West,Home,45.6,13.33,1,18,2,1,3
C00383,2025-01-08,South,Beauty,41.21,0.0,2,45,7,0,4
C00315,2025-01-08,South,Sports,60.36,20.35,2,45,10,1,4
C00231,2025-01-08,South,Home,103.37,13.5,3,62,5,0,4
C00309,2025-01-09,South,Electronics,84.14,6.06,3,50,6,0,3
C00623,2025-01-09,South,Sports,57.37,23.35,5,25,6,0,4
C00426,2025-01-09,West,Electronics,117.05,19.52,5,129,6,1,3
C00274,2025-01-09,East,Electronics,96.6,11.62,4,17,9,0,2
C00497,2025-01-09,North,Home,86.8,0.0,3,121,4,0,3
C00232,2025-01-09,North,Electronics,185.09,10.38,6,115,6,0,3
C00394,2025-01-11,North,Electronics,185.17,3.0,3,28,3,1,4
C00122,2025-01-11,North,Beauty,61.56,0.0,4,48,3,1,3
C00488,2025-01-11,West,Home,121.07,9.38,5,35,5,0,4
C00074,2025-01-12,South,Electronics,112.25,11.92,4,26,4,0,3
C00498,2025-01-12,South,Fashion,32.16,4.08,3,20,7,0,4
C00376,2025-01-12,West,Home,78.78,7.83,4,99,6,0,4
C00498,2025-01-13,South,Fashion,75.57,7.83,4,69,3,0,4
C00499,2025-01-13,East,Home,50.3,10.13,7,44,6,0,3
C00145,2025-01-13,North,Fashion,92.23,7.58,6,144,3,0,4
C00273,2025-01-13,North,Electronics,219.69,9.71,2,89,10,1,4
C00351,2025-01-14,West,Home,51.91,11.6,2,66,7,0,3
C00468,2025-01-14,North,Sports,56.71,11.11,3,79,6,0,3
C00181,2025-01-14,South,Beauty,28.47,21.21,3,79,7,0,3
C00698,2025-01-14,East,Fashion,51.57,3.06,2,76,3,1,3
C00293,2025-01-14,North,Home,115.77,0.0,5,96,9,0,3
C00193,2025-01-14,North,Home,75.46,18.56,2,74,5,0,4
C00170,2025-01-14,North,Sports,66.35,11.32,5,89,4,1,3
C00522,2025-01-15,South,Fashion,55.22,26.74,2,120,5,1,3
C00169,2025-01-15,North,Sports,156.56,4.42,2,72,3,1,3
C00419,2025-01-15,West,Home,103.65,20.88,2,49,2,0,3
C00299,2025-01-16,West,Home,69.52,12.45,3,92,6,1,3
C00510,2025-01-16,East,Electronics,137.96,9.51,1,89,4,0,3
C00494,2025-01-17,East,Home,208.41,11.01,2,42,8,0,4
C00461,2025-01-17,West,Sports,86.7,21.85,1,24,6,1,4
C00405,2025-01-18,West,Sports,120.49,17.4,5,98,4,0,4
C00008,2025-01-18,East,Electronics,111.29,12.37,5,26,3,0,4
C00629,2025-01-18,South,Home,133.65,16.68,3,36,9,0,3
C00159,2025-01-18,West,Fashion,60.34,15.96,5,52,4,0,4
C00230,2025-01-18,South,Beauty,45.75,10.77,2,18,6,0,3
C00162,2025-01-19,North,Beauty,76.49,22.48,6,78,5,0,2
C00362,2025-01-19,East,Fashion,53.26,0.56,3,68,6,0,4
C00650,2025-01-20,West,Electronics,119.37,9.33,2,54,2,0,4
C00322,2025-01-20,West,Electronics,174.1,12.31,3,7,11,0,4
C00246,2025-01-20,South,Fashion,55.6,2.21,2,38,8,0,5
C00687,2025-01-21,North,Sports,59.03,11.53,2,164,9,1,2
C00344,2025-01-21,North,Home,110.75,13.82,3,89,5,0,4
C00607,2025-01-21,North,Sports,54.47,16.43,4,175,5,1,3
C00637,2025-01-21,North,Beauty,111.35,9.02,3,25,7,0,4
C00044,2025-01-21,North,Fashion,78.36,0.62,5,72,5,0,4
C00455,2025-01-22,North,Electronics,124.74,12.17,6,32,2,0,4
C00308,2025-01-22,East,Beauty,47.8,17.91,4,43,6,0,3
C00172,2025-01-22,East,Beauty,45.45,0.0,3,10,7,0,4
C00400,2025-01-22,East,Electronics,129.81,12.99,5,45,3,0,2
C00522,2025-01-22,North,Home,69.62,15.76,6,16,5,0,4
C00527,2025-01-23,South,Sports,79.37,15.7,4,64,2,0,4
C00229,2025-01-23,East,Beauty,108.4,0.85,4,95,2,1,3
C00644,2025-01-24,West,Home,91.13,5.22,3,95,4,0,3
C00570,2025-01-24,West,Fashion,165.92,13.27,3,166,3,0,4
C00068,2025-01-25,North,Sports,44.89,17.54,4,168,8,1,4
C00226,2025-01-25,West,Electronics,182.29,17.04,1,162,5,1,4
C00466,2025-01-25,North,Home,115.63,14.78,5,61,6,0,3
C00281,2025-01-26,East,Sports,76.28,7.2,4,72,3,0,3
C00642,2025-01-27,South,Home,66.67,23.05,3,27,7,0,4
C00025,2025-01-27,North,Electronics,149.94,9.71,3,127,7,1,3
C00091,2025-01-27,West,Fashion,104.02,8.81,6,26,6,0,3
C00113,2025-01-27,East,Fashion,130.99,3.46,3,87,3,0,4
C00475,2025-01-27,North,Fashion,54.77,8.79,2,62,5,0,4
C00012,2025-01-28,East,Beauty,53.94,8.84,6,23,7,0,3
C00228,2025-01-28,East,Home,88.29,7.82,4,107,4,0,5
C00652,2025-01-28,South,Home,87.97,9.3,2,47,10,0,4
C00192,2025-01-29,West,Fashion,87.29,13.98,4,25,9,0,3
C00587,2025-01-30,South,Electronics,193.85,19.59,4,180,3,0,4
C00460,2025-01-30,East,Sports,80.71,17.02,3,82,6,0,4
C00313,2025-01-31,East,Electronics,106.52,17.07,6,49,6,0,3
C00132,2025-01-31,East,Fashion,83.37,17.34,2,42,6,0,4
C00487,2025-01-31,West,Home,46.55,20.49,5,61,5,0,3
C00179,2025-01-31,West,Sports,58.26,10.23,2,31,3,0,4
C00207,2025-01-31,West,Sports,169.31,6.91,4,67,7,1,3
C00090,2025-02-01,East,Beauty,32.85,3.62,3,134,8,0,3
C00219,2025-02-01,East,Sports,95.4,13.15,2,59,5,0,4
C00397,2025-02-02,West,Home,67.37,5.49,5,70,11,0,3
C00285,2025-02-03,West,Beauty,55.94,15.07,5,103,4,0,2
C00616,2025-02-03,North,Beauty,25.91,13.8,4,11,2,0,3
C00567,2025-02-04,East,Home,100.1,15.41,3,102,4,1,3
C00036,2025-02-04,East,Electronics,100.58,17.86,6,93,3,0,4
C00467,2025-02-05,East,Fashion,46.96,9.83,4,82,3,1,3
C00454,2025-02-05,East,Beauty,54.56,9.85,4,115,6,0,3
C00441,2025-02-05,East,Fashion,73.11,3.31,4,50,4,0,5
C00074,2025-02-06,East,Beauty,53.97,12.29,1,51,7,0,4
C00370,2025-02-06,North,Home,65.35,15.02,7,180,4,0,2
C00503,2025-02-06,North,Electronics,197.25,8.3,3,25,5,1,3
C00033,2025-02-06,West,Electronics,96.34,24.88,4,133,3,1,3
C00675,2025-02-06,West,Fashion,80.88,19.85,4,23,5,0,4
C00340,2025-02-06,West,Fashion,40.13,6.92,5,26,5,0,4
C00635,2025-02-06,East,Sports,72.2,9.18,2,56,6,0,4
C00700,2025-02-07,North,Beauty,36.13,12.76,1,72,9,0,4
C00177,2025-02-07,North,Fashion,37.13,2.16,3,123,6,0,4
C00554,2025-02-07,North,Home,48.0,6.64,3,68,3,0,4
C00259,2025-02-07,North,Beauty,43.78,0.0,3,82,7,0,5
C00571,2025-02-07,South,Fashion,128.57,8.27,6,146,8,0,2
C00483,2025-02-07,West,Sports,69.18,2.1,3,59,9,0,4
C00215,2025-02-07,West,Fashion,139.73,20.8,3,114,6,1,4
C00060,2025-02-08,South,Home,70.91,17.99,3,163,5,0,4
C00433,2025-02-08,East,Electronics,185.44,15.51,5,60,4,0,3
C00665,2025-02-08,East,Electronics,119.38,4.5,2,138,7,0,5
C00333,2025-02-08,North,Electronics,111.25,14.74,5,74,5,0,4
C00593,2025-02-09,East,Home,152.87,14.07,4,45,8,0,4
C00393,2025-02-09,East,Home,67.67,17.01,2,25,6,0,4
C00408,2025-02-09,North,Electronics,198.37,19.2,4,30,4,0,4
C00084,2025-02-09,East,Electronics,176.74,10.98,3,63,5,0,3
C00109,2025-02-09,West,Electronics,134.36,19.16,2,37,8,0,4
C00694,2025-02-09,North,Home,94.93,11.05,5,82,4,0,3
C00289,2025-02-10,North,Sports,120.87,10.58,4,51,1,0,3
C00502,2025-02-10,East,Electronics,204.29,10.74,2,124,6,1,4
C00279,2025-02-10,North,Fashion,88.88,6.94,1,91,5,1,3
C00579,2025-02-10,East,Beauty,54.1,19.66,5,83,10,1,4
C00413,2025-02-10,East,Sports,136.76,15.71,2,5,5,1,4
C00356,2025-02-10,South,Home,84.28,5.76,5,63,2,0,4
C00172,2025-02-11,South,Beauty,34.79,2.37,3,75,3,0,4
C00574,2025-02-11,South,Beauty,55.86,15.44,6,111,8,1,3
C00522,2025-02-11,South,Fashion,54.8,11.36,3,42,4,0,4
C00657,2025-02-11,North,Fashion,87.24,4.86,5,91,11,0,3
C00219,2025-02-12,North,Sports,83.5,17.53,5,46,7,1,3
C00656,2025-02-12,North,Sports,65.2,18.76,4,66,7,0,3
C00374,2025-02-13,West,Home,77.18,4.55,2,22,10,0,5
C00591,2025-02-13,West,Sports,45.0,12.72,4,37,8,0,4
C00232,2025-02-13,North,Fashion,60.0,8.91,5,60,5,0,4
C00080,2025-02-13,West,Fashion,75.03,6.11,4,24,6,0,4
C00102,2025-02-13,East,Fashion,89.11,16.85,3,35,5,0,4
C00649,2025-02-14,West,Home,110.16,9.55,3,88,5,1,3
C00339,2025-02-14,West,Fashion,48.45,0.36,3,28,6,1,4
C00152,2025-02-14,North,Fashion,55.3,18.52,1,49,7,0,3
C00340,2025-02-15,North,Electronics,71.03,10.77,4,31,7,0,3
C00465,2025-02-15,West,Electronics,102.53,18.22,2,136,3,0,5
C00297,2025-02-15,South,Home,84.85,3.13,3,52,9,0,4
C00698,2025-02-16,West,Home,119.89,2.99,1,77,5,1,4
C00406,2025-02-17,West,Fashion,58.76,19.6,3,61,7,0,3
C00281,2025-02-17,East,Home,84.49,14.87,3,83,6,1,4
C00057,2025-02-18,West,Fashion,102.8,5.32,5,150,9,0,3
C00454,2025-02-18,West,Electronics,100.96,3.03,3,36,3,0,4
C00322,2025-02-18,South,Beauty,34.91,14.41,5,107,9,0,4
C00181,2025-02-18,South,Fashion,65.58,20.77,4,70,5,0,4
C00526,2025-02-18,West,Fashion,46.21,0.0,3,53,2,0,4
C00517,2025-02-19,East,Electronics,93.09,10.72,3,80,5,0,4
C00596,2025-02-19,East,Electronics,119.58,9.39,5,96,3,0,4
C00217,2025-02-20,North,Home,113.39,12.63,4,59,8,0,3
C00121,2025-02-20,North,Fashion,67.2,22.71,4,31,6,0,4
C00405,2025-02-21,South,Electronics,119.38,31.8,4,37,3,0,4
C00605,2025-02-21,North,Electronics,110.58,16.41,5,41,3,1,4
C00059,2025-02-22,North,Fashion,76.96,13.54,1,54,4,0,4
C00066,2025-02-22,West,Home,119.38,9.98,5,17,7,0,3
C00026,2025-02-22,West,Electronics,125.69,11.43,4,49,7,0,4
C00355,2025-02-23,North,Beauty,42.42,12.42,4,46,6,0,4
C00116,2025-02-23,West,Beauty,40.54,8.47,2,55,9,0,4
C00041,2025-02-24,East,Electronics,181.33,16.77,3,86,5,0,4
C00146,2025-02-24,East,Home,90.05,25.55,3,30,5,0,4
C00471,2025-02-24,North,Fashion,61.73,13.18,3,100,6,0,5
C00218,2025-02-24,North,Beauty,46.14,21.97,7,83,6,0,3
C00236,2025-02-25,South,Home,132.72,10.7,3,43,3,0,4
C00457,2025-02-26,West,Sports,47.53,2.14,3,134,4,0,4
C00361,2025-02-27,East,Fashion,46.85,24.9,2,55,6,0,4
C00181,2025-02-27,North,Electronics,184.01,13.0,4,40,8,0,4
C00210,2025-02-27,South,Fashion,67.84,24.29,2,59,5,0,4
C00212,2025-02-27,West,Fashion,36.85,15.26,4,120,6,0,3
C00522,2025-02-28,North,Electronics,127.43,22.24,4,11,3,0,4
C00435,2025-02-28,South,Electronics,133.78,3.07,3,95,7,0,4
C00266,2025-02-28,West,Electronics,107.78,18.1,4,26,4,0,3
C00568,2025-02-28,North,Fashion,50.59,21.4,2,86,5,0,4
C00131,2025-03-01,East,Beauty,84.99,10.23,4,18,6,0,4
C00524,2025-03-01,South,Sports,92.37,15.52,4,34,4,0,4
C00560,2025-03-01,East,Electronics,136.37,8.08,4,37,2,1,3
C00411,2025-03-01,South,Electronics,215.69,13.7,2,41,5,0,3
C00574,2025-03-01,North,Electronics,170.24,0.73,6,51,5,0,4
C00264,2025-03-01,East,Electronics,136.75,6.47,4,44,4,0,3
C00611,2025-03-02,South,Electronics,172.25,10.01,4,20,3,0,4
C00450,2025-03-02,West,Beauty,64.94,16.09,6,120,3,0,3
C00118,2025-03-02,West,Sports,86.61,4.13,3,72,5,0,5
C00044,2025-03-02,West,Home,179.46,8.38,4,48,7,0,3
C00182,2025-03-02,West,Electronics,156.78,17.89,3,103,6,0,3
C00116,2025-03-03,South,Fashion,75.07,20.5,3,34,6,0,3
C00121,2025-03-03,West,Fashion,64.94,20.29,3,39,7,0,4
C00585,2025-03-03,North,Fashion,67.25,20.14,4,138,9,1,4
C00679,2025-03-04,South,Electronics,241.91,5.1,3,92,5,1,3
C00495,2025-03-04,East,Fashion,70.1,16.04,2,78,5,0,4
C00218,2025-03-04,South,Electronics,200.12,12.4,6,88,9,0,5
C00397,2025-03-05,West,Fashion,45.23,8.96,3,70,8,0,4
C00449,2025-03-05,North,Sports,26.88,17.36,3,80,7,0,5
C00206,2025-03-06,North,Home,49.42,11.45,4,41,5,0,5
C00617,2025-03-06,East,Beauty,65.63,24.59,3,83,2,0,4
C00472,2025-03-06,East,Fashion,24.21,19.6,5,60,6,0,4
C00222,2025-03-06,East,Electronics,226.55,1.91,4,82,6,1,4
C00450,2025-03-06,North,Home,145.99,11.18,6,79,1,0,4
C00165,2025-03-06,West,Home,71.79,5.88,3,33,3,0,4
C00056,2025-03-06,West,Fashion,62.78,10.84,5,81,8,0,3
C00211,2025-03-07,North,Fashion,50.8,13.52,4,72,6,1,3
C00406,2025-03-07,East,Electronics,142.43,10.96,3,28,5,0,4
C00314,2025-03-07,North,Electronics,87.33,8.76,1,167,4,0,4
C00134,2025-03-07,East,Beauty,32.14,4.94,2,15,6,1,4
C00475,2025-03-08,West,Beauty,55.36,13.05,3,154,5,0,3
C00531,2025-03-08,North,Electronics,171.0,12.44,3,11,4,0,5
C00589,2025-03-08,North,Electronics,116.7,3.54,1,18,4,1,3
C00398,2025-03-08,West,Electronics,84.05,11.97,6,80,2,0,4
C00537,2025-03-09,West,Home,45.01,6.81,6,72,5,0,3
C00178,2025-03-09,West,Sports,70.32,9.21,1,93,5,0,3
C00649,2025-03-10,North,Electronics,309.88,11.32,5,124,4,0,4
C00153,2025-03-10,East,Sports,107.2,14.71,3,51,7,0,3
C00065,2025-03-11,North,Home,54.14,7.72,6,54,4,0,4
C00064,2025-03-11,South,Electronics,190.1,1.23,4,71,10,0,3
C00233,2025-03-11,East,Sports,91.64,17.25,4,26,5,0,4
C00492,2025-03-11,North,Home,69.5,21.34,1,40,8,0,4
C00292,2025-03-11,North,Home,150.53,10.76,5,160,6,0,3
C00459,2025-03-11,North,Sports,60.88,10.05,4,131,5,1,2
C00499,2025-03-11,West,Beauty,56.5,24.02,5,60,5,0,3
C00210,2025-03-11,West,Sports,132.35,21.32,3,90,6,0,4
C00566,2025-03-12,North,Fashion,58.49,22.62,6,19,7,0,3
C00676,2025-03-12,East,Fashion,73.49,3.28,4,118,3,0,5
C00333,2025-03-12,East,Electronics,73.66,5.54,3,37,4,0,3
C00384,2025-03-12,West,Electronics,107.59,23.13,2,43,5,0,3
C00381,2025-03-13,North,Electronics,228.2,0.0,2,7,4,0,4
C00142,2025-03-13,North,Beauty,28.62,3.49,5,53,5,0,3
C00309,2025-03-14,North,Electronics,165.23,12.47,4,8,5,0,3
C00464,2025-03-15,West,Electronics,115.57,10.84,4,30,1,1,3
C00395,2025-03-15,South,Electronics,115.22,14.82,3,99,2,1,3
C00455,2025-03-16,West,Fashion,83.52,14.89,3,40,6,0,4
C00347,2025-03-16,North,Electronics,188.34,20.68,6,79,4,1,3
C00528,2025-03-16,East,Home,65.83,7.28,5,31,4,0,4
C00655,2025-03-16,South,Beauty,35.82,13.28,3,129,4,0,4
C00155,2025-03-16,North,Fashion,132.04,13.44,4,48,5,0,4
C00458,2025-03-16,East,Electronics,93.58,17.93,7,86,5,0,3
C00420,2025-03-16,North,Fashion,48.46,9.12,6,59,4,1,4
C00524,2025-03-17,West,Electronics,94.4,21.55,3,65,3,0,3
C00653,2025-03-18,South,Electronics,100.94,14.59,3,75,7,0,4
C00445,2025-03-18,West,Home,111.51,16.88,3,46,7,1,3
C00569,2025-03-18,South,Electronics,101.88,0.0,2,13,4,0,3
C00361,2025-03-19,West,Home,127.1,3.23,4,106,7,0,4
C00694,2025-03-19,South,Home,134.91,19.92,2,88,5,0,4
C00052,2025-03-20,East,Electronics,106.37,19.1,2,121,5,0,4
C00413,2025-03-20,East,Electronics,142.41,15.34,6,67,9,0,2
C00575,2025-03-20,East,Beauty,50.88,6.46,4,46,3,0,4
C00576,2025-03-20,North,Fashion,39.71,7.35,5,95,2,1,3
C00465,2025-03-21,South,Fashion,38.15,21.98,1,76,8,0,4
C00344,2025-03-21,West,Home,89.12,13.38,4,34,4,0,3
C00025,2025-03-22,North,Home,67.22,10.35,6,48,7,0,5
C00617,2025-03-22,East,Beauty,46.84,11.54,3,72,5,0,4
C00334,2025-03-23,East,Home,85.01,10.21,5,76,1,0,3
C00024,2025-03-23,South,Electronics,103.21,11.49,3,42,8,0,3
C00387,2025-03-23,East,Fashion,65.09,8.64,3,104,5,0,3
C00479,2025-03-23,North,Home,51.39,8.76,5,156,2,0,3
C00287,2025-03-23,South,Beauty,104.21,10.5,4,102,5,1,3
C00020,2025-03-23,North,Home,73.93,20.96,4,77,6,0,4
C00005,2025-03-23,West,Sports,96.52,7.56,2,48,14,0,4
C00498,2025-03-24,East,Home,115.21,11.08,3,62,5,1,2
C00429,2025-03-24,South,Electronics,161.44,7.3,3,65,4,0,5
C00469,2025-03-24,East,Fashion,82.5,26.93,6,34,8,0,3
C00258,2025-03-24,East,Fashion,76.61,20.72,2,49,5,0,3
C00368,2025-03-25,North,Fashion,61.02,13.14,5,103,7,1,3
C00178,2025-03-25,East,Electronics,110.15,13.89,4,23,6,0,4
C00141,2025-03-25,South,Electronics,211.68,13.58,5,95,8,1,3
C00640,2025-03-25,West,Electronics,166.5,13.23,3,163,3,0,4
C00403,2025-03-25,East,Fashion,39.35,14.92,3,83,5,0,3
C00274,2025-03-25,South,Beauty,53.44,14.72,3,101,8,0,3
C00011,2025-03-26,East,Fashion,40.94,16.56,4,133,3,0,4
C00531,2025-03-27,North,Sports,66.87,19.26,3,37,9,0,3
C00190,2025-03-27,East,Electronics,127.07,12.98,2,91,9,0,4
C00412,2025-03-27,West,Fashion,89.66,3.49,4,39,7,0,4
C00242,2025-03-27,East,Sports,108.59,5.1,1,51,7,0,4
C00296,2025-03-28,North,Fashion,43.98,0.08,4,50,10,0,4
C00313,2025-03-28,North,Beauty,54.39,3.73,2,23,9,0,5
C00572,2025-03-28,North,Sports,89.79,24.07,5,78,8,1,2
C00100,2025-03-30,East,Home,133.63,6.5,5,14,7,1,3
C00333,2025-03-30,East,Home,63.86,20.77,4,63,5,0,4
C00191,2025-03-31,South,Electronics,162.15,12.44,4,142,2,0,3
C00298,2025-03-31,South,Electronics,92.5,26.93,4,53,5,0,4
C00024,2025-03-31,South,Electronics,105.37,20.55,5,91,7,0,4
C00338,2025-03-31,East,Fashion,56.97,19.52,2,149,7,1,4
C00300,2025-03-31,West,Sports,159.62,13.64,5,103,4,0,4
C00260,2025-03-31,West,Electronics,75.57,12.3,5,36,3,0,3
C00145,2025-04-02,East,Electronics,107.61,23.78,5,96,5,0,4
C00607,2025-04-02,North,Beauty,58.2,9.13,4,34,6,0,4
C00377,2025-04-02,East,Home,63.36,17.44,3,36,4,0,4
C00330,2025-04-02,East,Electronics,100.59,4.39,1,58,5,0,4
C00017,2025-04-03,West,Fashion,106.37,18.05,3,66,7,0,4
C00055,2025-04-03,East,Electronics,204.86,13.11,4,70,1,0,4
C00189,2025-04-03,North,Electronics,180.73,13.3,5,73,5,0,4
C00066,2025-04-03,East,Fashion,64.22,7.06,4,124,4,0,3
C00051,2025-04-03,South,Electronics,158.08,15.5,3,146,4,0,4
C00447,2025-04-03,South,Electronics,144.86,14.34,1,56,8,1,4
C00674,2025-04-03,South,Beauty,48.91,32.47,3,90,5,0,4
C00552,2025-04-04,East,Beauty,23.19,7.97,4,46,4,0,3
C00173,2025-04-05,East,Beauty,39.89,4.12,3,21,8,0,3
C00573,2025-04-05,South,Home,85.36,5.11,4,16,3,1,3
C00120,2025-04-05,North,Home,158.09,11.95,1,39,4,0,4
C00130,2025-04-06,West,Electronics,225.82,15.09,5,30,3,0,4
C00431,2025-04-06,West,Fashion,94.54,7.41,4,138,4,0,4
C00301,2025-04-07,West,Sports,113.08,19.55,2,23,3,0,5
C00179,2025-04-07,South,Fashion,99.26,0.15,3,17,5,0,5
C00660,2025-04-07,West,Beauty,45.53,16.0,4,53,6,0,5
C00595,2025-04-07,North,Home,65.58,0.37,4,95,3,0,3
C00362,2025-04-08,East,Home,72.69,16.76,4,66,4,0,4
C00509,2025-04-08,West,Fashion,91.72,10.02,5,65,4,1,3
C00453,2025-04-08,North,Fashion,30.69,21.86,3,59,5,0,3
C00068,2025-04-08,East,Fashion,100.55,25.48,5,76,10,1,3
C00136,2025-04-08,North,Beauty,36.05,10.51,1,168,6,0,4
C00675,2025-04-09,East,Fashion,51.17,9.89,2,172,4,0,4
C00424,2025-04-09,East,Beauty,58.1,11.14,4,154,10,0,3
C00555,2025-04-09,North,Fashion,93.78,8.76,4,129,7,1,3
C00079,2025-04-09,North,Fashion,83.94,19.29,4,42,6,0,3
C00330,2025-04-10,West,Home,108.75,15.95,4,75,6,0,3
C00411,2025-04-11,South,Fashion,108.98,10.55,4,60,9,1,4
C00320,2025-04-11,North,Home,63.21,12.14,3,40,3,1,3
C00599,2025-04-11,West,Electronics,147.87,9.07,2,105,7,0,4
C00633,2025-04-11,West,Electronics,125.84,19.56,3,51,5,0,4
C00349,2025-04-11,West,Electronics,200.34,3.97,4,83,6,1,3
C00088,2025-04-11,North,Electronics,132.13,30.33,3,130,3,1,4
C00611,2025-04-11,South,Sports,61.89,10.86,4,73,5,0,4
C00195,2025-04-12,West,Beauty,93.42,15.04,4,29,7,0,5
C00011,2025-04-12,North,Beauty,37.14,10.17,4,86,5,0,4
C00333,2025-04-12,East,Beauty,50.56,12.52,5,172,7,0,4
C00111,2025-04-12,South,Home,97.43,20.22,6,105,8,0,4
C00305,2025-04-13,East,Fashion,49.04,6.91,4,67,7,0,4
C00033,2025-04-13,West,Fashion,62.55,18.35,4,76,10,0,3
C00354,2025-04-13,West,Fashion,57.41,9.07,4,39,5,0,4
C00343,2025-04-13,North,Fashion,103.76,9.2,5,55,4,0,4
C00627,2025-04-15,West,Fashion,65.27,9.39,1,44,5,0,4
C00461,2025-04-15,West,Home,84.12,4.09,4,63,12,0,4
C00494,2025-04-15,South,Fashion,71.01,9.08,5,67,4,1,3
C00365,2025-04-15,North,Electronics,140.7,8.4,4,62,3,0,4
C00205,2025-04-15,East,Beauty,50.06,5.95,3,33,2,0,5
C00261,2025-04-15,South,Fashion,61.72,14.75,5,85,4,0,4
C00145,2025-04-16,South,Home,149.52,0.0,4,36,6,0,4
C00226,2025-04-16,North,Home,113.67,4.78,5,54,7,0,4
C00240,2025-04-16,West,Beauty,59.65,4.42,2,32,7,0,4
C00207,2025-04-17,North,Electronics,90.3,6.24,6,65,7,0,3
C00085,2025-04-17,East,Beauty,37.78,11.53,1,39,5,0,4
C00161,2025-04-17,South,Fashion,69.16,15.15,3,66,6,0,4
C00350,2025-04-17,West,Home,69.81,18.76,4,25,8,0,4
C00533,2025-04-17,South,Electronics,129.52,3.62,5,66,7,0,3
C00158,2025-04-17,South,Home,117.75,2.94,2,96,4,1,4
C00082,2025-04-18,West,Beauty,46.02,8.81,3,28,11,0,4
C00532,2025-04-18,North,Beauty,71.87,5.53,2,73,8,0,4
C00370,2025-04-18,East,Fashion,72.17,6.67,2,96,3,0,4
C00590,2025-04-18,South,Fashion,81.07,14.34,7,120,8,0,3
C00278,2025-04-19,West,Beauty,35.34,8.83,3,30,1,0,4
C00142,2025-04-19,West,Electronics,106.68,3.58,2,51,6,0,4
C00165,2025-04-20,North,Electronics,265.13,17.63,5,30,6,0,3
C00195,2025-04-20,West,Sports,46.31,28.28,6,2,8,0,3
C00185,2025-04-20,South,Home,68.88,7.16,4,52,3,0,4
C00314,2025-04-20,East,Electronics,144.96,7.24,6,44,4,0,3
C00215,2025-04-20,East,Electronics,156.12,10.86,3,57,6,1,3
C00686,2025-04-21,South,Fashion,62.89,8.02,4,30,4,0,4
C00231,2025-04-21,West,Home,80.22,8.22,4,33,2,0,4
C00517,2025-04-21,North,Sports,81.17,6.75,3,133,3,0,4
C00413,2025-04-21,East,Sports,128.75,17.59,5,65,7,0,4
C00642,2025-04-22,North,Electronics,127.43,12.5,3,17,4,0,4
C00045,2025-04-22,North,Electronics,285.97,10.25,2,125,6,0,4
C00122,2025-04-22,South,Fashion,83.22,13.09,2,38,5,0,5
C00337,2025-04-22,North,Home,94.3,6.37,5,55,7,1,3
C00010,2025-04-22,East,Home,106.15,17.94,7,105,6,0,4
C00261,2025-04-22,North,Beauty,52.64,12.49,4,103,4,0,3
C00193,2025-04-23,North,Electronics,203.76,20.22,3,83,2,1,3
C00566,2025-04-23,North,Fashion,77.29,14.96,4,88,7,1,3
C00188,2025-04-23,West,Home,100.28,7.06,4,91,6,0,4
C00256,2025-04-23,West,Beauty,42.83,20.18,3,32,7,0,3
C00340,2025-04-24,West,Beauty,43.68,16.95,4,62,6,0,3
C00428,2025-04-24,North,Home,163.72,12.3,3,27,4,0,4
C00648,2025-04-24,West,Home,139.93,17.55,6,42,5,1,4
C00618,2025-04-24,South,Electronics,185.44,0.46,2,164,4,1,4
C00672,2025-04-24,South,Electronics,195.34,21.01,2,38,3,0,3
C00018,2025-04-24,North,Electronics,123.74,8.77,5,19,9,0,4
C00687,2025-04-25,East,Electronics,123.45,10.4,3,10,10,0,5
C00028,2025-04-25,East,Fashion,56.23,14.29,3,95,2,0,5
C00372,2025-04-25,North,Home,149.19,7.62,5,16,8,0,3
C00392,2025-04-25,North,Fashion,47.02,21.99,4,110,8,0,4
C00010,2025-04-26,North,Beauty,54.34,11.93,4,79,7,0,3
C00101,2025-04-26,East,Beauty,73.36,15.44,5,106,9,0,4
C00427,2025-04-26,South,Home,62.54,15.88,4,180,5,0,4
C00592,2025-04-26,East,Electronics,116.85,22.59,5,46,9,0,4
C00498,2025-04-27,North,Beauty,76.53,21.38,3,27,7,1,3
C00206,2025-04-27,North,Electronics,200.04,12.41,2,46,9,0,5
C00108,2025-04-27,West,Electronics,96.78,8.14,5,56,10,0,4
C00328,2025-04-27,North,Fashion,49.57,6.84,5,53,7,0,3
C00455,2025-04-27,West,Beauty,88.11,25.04,4,128,5,0,3
C00045,2025-04-27,South,Home,109.38,19.93,3,70,5,0,4
C00011,2025-04-28,West,Home,169.14,22.79,3,88,5,0,3
C00648,2025-04-28,North,Sports,83.41,29.31,5,27,8,0,4
C00694,2025-04-28,North,Sports,126.56,12.97,3,14,4,0,4
C00359,2025-04-29,South,Beauty,45.58,9.54,5,14,5,0,3
C00339,2025-04-29,West,Beauty,45.89,13.9,2,32,7,0,3
C00422,2025-04-29,North,Sports,61.33,19.65,4,52,7,1,3
C00035,2025-04-29,South,Sports,44.29,8.07,4,35,3,1,3
C00429,2025-05-01,South,Home,84.61,23.49,4,53,4,0,4
C00215,2025-05-01,South,Sports,44.01,21.33,3,27,8,0,3
C00432,2025-05-01,South,Fashion,44.5,19.63,4,59,6,1,3
C00481,2025-05-01,West,Electronics,193.05,15.21,4,112,7,0,4
C00440,2025-05-02,South,Home,151.7,0.0,4,74,10,0,4
C00472,2025-05-02,North,Electronics,79.8,4.62,2,92,6,1,5
C00236,2025-05-03,North,Beauty,39.23,14.32,1,121,5,0,5
C00091,2025-05-03,East,Home,37.52,7.53,3,92,8,1,4
C00648,2025-05-03,South,Fashion,39.5,14.07,3,84,5,1,4
C00226,2025-05-05,North,Beauty,37.76,24.99,2,49,6,0,3
C00618,2025-05-06,West,Home,61.43,12.07,5,56,4,0,3
C00164,2025-05-06,North,Electronics,115.11,8.11,1,132,3,0,4
C00015,2025-05-06,East,Home,77.16,9.1,3,76,6,0,4
C00257,2025-05-06,West,Fashion,63.76,12.91,1,112,4,0,4
C00026,2025-05-07,West,Home,65.21,5.88,4,53,3,0,3
C00359,2025-05-07,North,Beauty,35.83,21.72,2,55,3,1,5
C00426,2025-05-08,East,Sports,70.2,5.84,2,79,7,0,5
C00657,2025-05-08,West,Electronics,191.68,12.51,3,34,3,0,5
C00445,2025-05-08,North,Home,99.72,11.57,3,91,12,0,4
C00700,2025-05-08,South,Beauty,43.93,15.77,1,28,5,0,5
C00316,2025-05-08,West,Fashion,50.73,24.42,4,33,5,1,4
C00410,2025-05-08,West,Electronics,86.55,6.16,5,135,7,0,4
C00341,2025-05-08,East,Sports,183.89,11.76,3,74,4,1,4
C00278,2025-05-09,East,Electronics,124.06,14.65,3,32,4,0,3
C00630,2025-05-09,North,Sports,100.29,8.84,5,37,4,0,3
C00625,2025-05-09,West,Electronics,254.69,6.14,3,26,6,1,4
C00661,2025-05-10,South,Home,66.97,19.77,5,38,3,0,4
C00247,2025-05-10,South,Sports,59.35,5.03,4,58,2,0,3
C00562,2025-05-10,North,Fashion,52.15,8.95,2,58,3,0,5
C00240,2025-05-11,West,Electronics,113.92,0.0,1,123,2,1,3
C00378,2025-05-11,West,Home,94.71,8.13,4,6,3,0,3
C00225,2025-05-11,West,Fashion,37.38,11.75,3,50,9,0,4
C00286,2025-05-11,West,Fashion,73.87,0.0,6,28,7,0,4
C00113,2025-05-11,North,Fashion,40.48,6.46,4,76,6,1,3
C00308,2025-05-11,West,Fashion,64.32,11.65,2,52,6,0,5
C00471,2025-05-12,South,Fashion,28.03,6.23,4,92,4,1,3
C00368,2025-05-12,East,Home,128.33,20.81,5,35,10,0,5
C00060,2025-05-12,South,Home,67.87,19.89,3,70,7,0,4
C00353,2025-05-12,North,Home,115.19,14.16,4,76,6,0,4
C00048,2025-05-12,West,Fashion,54.72,13.52,3,90,6,0,3
C00236,2025-05-12,West,Electronics,185.05,8.77,5,55,6,0,3
C00349,2025-05-12,West,Sports,70.9,20.42,2,31,4,0,4
C00378,2025-05-12,East,Beauty,74.22,0.0,1,69,7,0,4
C00282,2025-05-13,East,Fashion,45.19,9.81,4,62,4,0,4
C00474,2025-05-13,North,Home,98.22,7.69,4,76,2,0,4
C00374,2025-05-13,West,Beauty,51.29,10.37,5,42,4,0,3
C00616,2025-05-13,South,Beauty,29.88,15.67,2,16,6,0,3
C00125,2025-05-13,North,Home,97.41,6.95,3,78,3,1,3
C00652,2025-05-13,North,Beauty,48.09,15.46,2,166,5,0,4
C00130,2025-05-13,East,Beauty,50.99,10.4,3,9,5,0,5
C00224,2025-05-14,West,Electronics,159.02,16.5,1,44,6,0,4
C00382,2025-05-14,East,Beauty,53.47,22.5,3,64,8,0,4
C00129,2025-05-15,East,Electronics,73.26,21.13,5,62,6,0,3
C00180,2025-05-15,West,Electronics,190.65,10.56,4,76,7,0,4
C00213,2025-05-15,North,Fashion,46.91,3.32,2,102,9,0,3
C00199,2025-05-15,West,Home,91.26,10.56,6,84,4,0,3
C00462,2025-05-16,East,Home,119.36,17.35,5,57,7,0,5
C00196,2025-05-16,West,Sports,72.8,0.0,6,32,6,0,4
C00305,2025-05-16,East,Fashion,49.5,15.89,5,89,6,0,3
C00198,2025-05-17,East,Electronics,141.15,12.71,4,178,6,0,4
C00173,2025-05-17,West,Electronics,165.31,11.89,2,104,8,0,4
C00175,2025-05-17,East,Fashion,55.88,12.8,6,106,5,0,3
C00105,2025-05-18,East,Beauty,62.19,11.3,5,49,3,0,4
C00513,2025-05-18,North,Beauty,45.27,9.42,2,55,4,1,4
C00662,2025-05-19,North,Beauty,98.28,5.59,4,50,12,0,3
C00329,2025-05-19,North,Fashion,63.87,29.88,3,87,5,0,2
C00581,2025-05-19,East,Electronics,213.71,13.0,7,72,8,0,2
C00143,2025-05-19,West,Beauty,55.47,19.49,6,105,8,0,4
C00474,2025-05-20,South,Home,69.45,15.1,4,21,5,0,2
C00596,2025-05-20,East,Beauty,48.07,10.49,5,23,3,0,3
C00302,2025-05-20,East,Fashion,136.49,0.0,1,44,4,0,4
C00037,2025-05-20,South,Home,72.63,12.33,3,107,4,1,4
C00046,2025-05-21,West,Electronics,100.74,14.19,3,49,7,0,3
C00235,2025-05-21,North,Fashion,100.63,24.94,2,17,9,0,3
C00146,2025-05-22,West,Home,85.44,17.68,6,29,5,0,3
C00038,2025-05-23,South,Fashion,123.3,15.46,4,24,8,0,4
C00099,2025-05-23,West,Beauty,103.47,12.99,5,85,7,0,3
C00316,2025-05-23,South,Fashion,55.77,1.91,2,21,8,1,2
C00378,2025-05-23,North,Home,64.1,9.02,4,45,2,0,4
C00152,2025-05-23,East,Fashion,75.74,9.24,2,49,5,0,5
C00522,2025-05-24,North,Electronics,264.5,10.11,3,21,4,0,4
C00151,2025-05-25,South,Home,67.8,18.15,6,46,8,0,3
C00093,2025-05-25,North,Home,119.44,16.2,3,110,6,0,3
C00559,2025-05-26,East,Fashion,89.44,2.12,4,21,3,1,3
C00347,2025-05-26,South,Fashion,54.85,13.56,3,17,5,1,4
C00395,2025-05-26,North,Electronics,124.37,24.94,4,26,4,0,4
C00265,2025-05-26,North,Home,128.55,10.57,2,35,9,0,4
C00308,2025-05-26,East,Home,88.02,9.46,5,54,3,0,3
C00079,2025-05-27,East,Fashion,43.44,7.3,4,20,6,0,5
C00129,2025-05-27,South,Electronics,145.15,12.02,5,72,6,0,3
C00331,2025-05-27,North,Fashion,122.14,13.84,2,64,6,0,4
C00650,2025-05-28,West,Beauty,47.64,11.32,2,29,10,0,5
C00027,2025-05-28,North,Home,86.76,23.38,4,35,3,1,4
C00485,2025-05-28,West,Beauty,48.97,9.94,2,32,4,0,4
C00045,2025-05-29,East,Beauty,48.11,16.53,5,61,3,0,4
C00313,2025-05-29,East,Fashion,79.15,5.75,6,108,4,1,4
C00100,2025-05-29,North,Beauty,109.68,30.3,6,147,5,1,3
C00600,2025-05-29,East,Fashion,66.02,23.53,1,106,8,0,3
C00552,2025-05-29,South,Home,55.74,12.42,5,44,9,0,3
C00363,2025-05-29,West,Electronics,142.77,12.92,2,107,4,1,4
C00051,2025-05-29,West,Fashion,50.76,8.76,4,41,7,0,4
C00260,2025-05-30,South,Electronics,118.05,12.2,4,102,8,0,4
C00687,2025-05-30,South,Fashion,72.3,3.15,5,62,4,1,3
C00006,2025-05-31,East,Fashion,54.29,21.68,2,131,3,0,3
C00614,2025-05-31,West,Electronics,218.06,9.72,2,17,2,0,4
C00135,2025-06-01,East,Beauty,77.57,10.43,3,87,5,0,4
C00123,2025-06-01,West,Electronics,157.85,18.95,2,21,4,0,5
C00282,2025-06-01,South,Electronics,140.29,17.89,3,92,10,0,4
C00536,2025-06-02,West,Fashion,72.87,5.83,4,33,6,0,4
C00306,2025-06-02,North,Sports,85.42,3.59,3,78,8,0,4
C00076,2025-06-02,East,Sports,67.84,17.79,3,73,8,0,3
C00565,2025-06-03,West,Home,70.73,13.95,3,61,4,0,3
C00499,2025-06-03,East,Sports,87.72,20.11,2,55,8,0,3
C00223,2025-06-03,West,Home,85.14,16.68,2,50,2,0,4
C00197,2025-06-03,North,Electronics,100.0,21.79,2,65,7,0,4
C00534,2025-06-04,West,Home,68.58,14.01,7,33,9,0,3
C00257,2025-06-04,East,Home,48.44,10.18,4,111,6,0,4
C00261,2025-06-04,South,Electronics,132.41,13.09,4,46,5,0,3
C00069,2025-06-05,South,Electronics,158.82,14.96,3,32,3,0,4
C00136,2025-06-05,West,Sports,75.91,2.37,2,40,6,0,4
C00359,2025-06-05,East,Beauty,55.79,13.65,4,60,8,0,2
C00576,2025-06-05,North,Sports,65.24,13.13,6,36,8,0,3
C00302,2025-06-05,North,Beauty,88.68,7.93,5,33,2,0,3
C00661,2025-06-06,South,Electronics,126.68,8.34,5,98,6,0,5
C00514,2025-06-06,South,Fashion,107.4,13.47,6,46,4,0,3
C00534,2025-06-06,West,Sports,53.87,8.59,1,82,5,0,4
C00423,2025-06-06,North,Sports,47.1,6.3,4,40,5,0,3
C00153,2025-06-07,West,Electronics,145.13,5.47,6,84,5,0,4
C00195,2025-06-07,South,Beauty,50.88,0.0,2,55,4,0,3
C00699,2025-06-07,South,Sports,75.92,23.44,4,55,7,0,4
C00438,2025-06-08,West,Electronics,190.87,10.74,4,134,7,0,4
C00395,2025-06-08,South,Fashion,88.33,12.13,2,94,5,1,4
C00395,2025-06-08,South,Fashion,46.95,13.92,3,94,9,1,4
C00510,2025-06-08,East,Sports,92.72,3.37,2,39,8,0,4
C00338,2025-06-08,North,Home,87.77,15.69,4,51,10,0,3
C00016,2025-06-10,West,Fashion,63.25,17.98,5,55,6,0,2
C00465,2025-06-10,South,Electronics,107.41,24.12,4,44,4,1,3
C00544,2025-06-10,South,Sports,81.67,7.9,4,51,6,1,3
C00605,2025-06-11,South,Fashion,57.49,6.0,5,44,6,0,3
C00012,2025-06-11,East,Electronics,173.46,9.12,6,60,5,0,3
C00414,2025-06-12,East,Beauty,37.58,10.62,4,53,6,1,2
C00380,2025-06-12,South,Fashion,40.86,13.74,3,107,7,0,4
C00156,2025-06-13,North,Sports,117.43,8.51,2,72,4,0,4
C00018,2025-06-13,North,Electronics,153.35,13.9,3,52,4,0,4
C00667,2025-06-13,East,Fashion,58.15,8.18,6,106,7,0,3
C00589,2025-06-13,East,Electronics,118.5,20.05,4,37,6,0,3
C00339,2025-06-13,North,Electronics,257.77,0.0,4,12,3,0,4
C00336,2025-06-14,South,Fashion,102.66,4.99,4,61,4,0,4
C00438,2025-06-14,West,Home,77.33,13.14,5,171,3,0,3
C00175,2025-06-14,West,Beauty,35.44,13.71,3,81,3,0,4
C00384,2025-06-14,South,Home,102.94,15.47,2,59,9,0,4
C00417,2025-06-14,South,Fashion,59.54,2.4,6,66,3,0,4
C00426,2025-06-15,West,Electronics,213.51,8.51,4,52,4,0,3
C00305,2025-06-15,East,Electronics,139.06,9.59,3,60,6,0,4
C00029,2025-06-15,North,Sports,152.85,7.26,2,61,8,0,3
C00418,2025-06-16,West,Electronics,183.26,0.07,4,77,8,0,2
C00518,2025-06-16,South,Electronics,109.91,10.34,2,26,7,0,5
C00223,2025-06-16,North,Electronics,104.68,14.11,3,35,3,1,3
C00434,2025-06-16,North,Sports,138.59,22.74,3,75,3,1,3
C00204,2025-06-16,West,Beauty,30.46,12.17,4,53,3,0,4
C00376,2025-06-17,South,Fashion,89.48,15.39,6,161,6,0,4
C00560,2025-06-17,West,Beauty,45.29,23.14,4,118,4,0,3
C00439,2025-06-17,North,Fashion,59.67,9.49,1,32,5,0,4
C00534,2025-06-17,East,Electronics,134.67,17.5,3,79,9,0,4
C00567,2025-06-17,South,Home,136.11,11.32,6,73,5,0,4
C00111,2025-06-17,West,Fashion,33.59,9.82,5,47,4,0,4
C00178,2025-06-17,North,Fashion,110.58,20.78,3,75,6,0,3
C00326,2025-06-17,South,Sports,51.34,20.93,2,42,3,0,5
C00092,2025-06-18,South,Fashion,98.73,20.36,2,15,8,0,4
C00454,2025-06-18,East,Beauty,78.57,13.25,4,96,5,0,4
C00114,2025-06-18,South,Fashion,49.63,13.28,5,134,6,1,4
C00634,2025-06-18,South,Fashion,47.72,6.74,5,36,8,0,3
C00070,2025-06-19,East,Home,95.93,0.0,3,50,4,1,4
C00399,2025-06-20,West,Beauty,68.31,0.0,4,16,7,0,4
C00214,2025-06-20,North,Home,124.52,8.3,4,63,6,0,4
C00493,2025-06-20,East,Beauty,55.97,9.73,5,18,5,0,4
C00657,2025-06-20,South,Fashion,58.25,9.11,4,104,5,0,4
C00174,2025-06-22,West,Home,127.43,14.31,5,73,4,1,3
C00050,2025-06-23,West,Fashion,108.31,2.51,4,46,5,0,4
C00627,2025-06-24,South,Electronics,116.89,2.6,4,33,4,0,5
C00309,2025-06-24,North,Electronics,284.7,3.19,3,15,6,0,4
C00428,2025-06-25,South,Home,65.85,11.22,5,49,2,0,4
C00506,2025-06-25,East,Electronics,174.95,7.45,4,62,8,0,3
C00657,2025-06-26,West,Fashion,64.86,18.81,3,108,3,1,2
C00192,2025-06-26,East,Home,86.35,6.84,5,35,5,1,4
C00100,2025-06-26,South,Electronics,185.66,19.1,6,35,3,0,3
C00422,2025-06-26,West,Electronics,149.77,16.8,4,62,7,0,3
C00171,2025-06-26,North,Fashion,71.13,7.9,2,124,2,0,3
C00041,2025-06-27,South,Fashion,57.73,23.86,4,49,4,0,3
C00311,2025-06-27,West,Electronics,104.18,21.73,4,38,7,0,3
C00574,2025-06-27,East,Fashion,50.16,21.38,6,66,5,0,3
C00046,2025-06-27,East,Electronics,112.57,8.55,3,54,5,0,3
C00252,2025-06-28,West,Sports,67.1,5.67,3,153,4,0,3
C00477,2025-06-28,South,Electronics,89.54,17.56,4,54,3,0,3
C00499,2025-06-28,East,Home,149.76,5.34,3,66,6,0,4
C00123,2025-06-28,South,Electronics,191.42,8.59,4,62,7,0,3
C00316,2025-06-28,East,Fashion,94.4,3.28,2,118,7,0,5
C00056,2025-06-28,West,Beauty,34.56,19.87,4,31,11,0,3
C00419,2025-06-29,West,Electronics,89.01,20.75,2,163,7,1,4
C00210,2025-06-29,South,Beauty,55.71,20.11,6,72,6,0,4
C00551,2025-06-29,West,Electronics,167.78,17.87,5,45,6,0,4
C00019,2025-06-29,South,Fashion,45.48,7.95,4,54,7,0,3
C00363,2025-06-29,South,Home,75.48,9.31,2,180,6,0,5
C00382,2025-06-29,North,Electronics,192.82,12.9,5,54,4,0,4
C00034,2025-06-29,West,Beauty,66.3,10.37,3,21,5,0,4
C00525,2025-06-29,North,Fashion,82.18,3.48,7,85,5,1,3
C00556,2025-06-29,East,Home,85.19,0.76,4,108,5,1,4
C00168,2025-06-30,East,Fashion,55.81,16.47,2,126,9,0,4
C00178,2025-06-30,North,Fashion,77.6,15.78,4,128,7,1,3
C00607,2025-07-01,North,Sports,55.73,24.11,6,179,7,1,3
C00148,2025-07-01,South,Sports,47.24,3.52,4,33,6,0,4
C00533,2025-07-01,South,Beauty,44.65,11.61,1,64,6,0,4
C00415,2025-07-01,West,Home,159.62,12.12,3,88,7,0,3
C00436,2025-07-01,South,Electronics,184.92,20.42,5,26,7,0,4
C00622,2025-07-02,North,Fashion,94.04,3.76,6,41,4,1,3
C00054,2025-07-02,West,Home,101.6,9.92,6,45,5,0,4
C00104,2025-07-03,East,Fashion,28.65,20.04,5,42,6,0,4
C00236,2025-07-03,South,Electronics,88.4,6.36,1,57,8,0,4
C00004,2025-07-03,South,Home,97.3,12.51,4,107,4,0,4
C00377,2025-07-03,South,Beauty,59.57,1.48,5,93,2,0,4
C00474,2025-07-04,West,Home,58.12,15.16,3,40,4,0,4
C00265,2025-07-04,West,Sports,49.76,21.69,3,158,3,0,5
C00614,2025-07-04,North,Electronics,216.37,0.0,5,79,3,0,4
C00126,2025-07-04,South,Beauty,50.45,7.29,2,76,5,0,3
C00462,2025-07-04,West,Home,118.93,9.76,4,37,5,0,4
C00608,2025-07-04,North,Sports,121.49,1.24,3,74,5,0,4
C00563,2025-07-05,West,Beauty,73.64,12.68,6,125,5,0,4
C00517,2025-07-05,West,Fashion,57.24,19.79,4,100,4,1,3
C00379,2025-07-05,West,Home,137.61,23.85,2,177,4,0,4
C00663,2025-07-06,West,Home,64.98,8.03,7,19,8,0,4
C00477,2025-07-06,West,Electronics,183.57,11.23,5,74,4,0,4
C00154,2025-07-06,South,Sports,117.67,0.0,4,39,8,0,4
C00047,2025-07-06,South,Sports,50.57,16.69,5,55,5,0,3
C00396,2025-07-06,East,Home,76.32,16.96,4,122,6,1,3
C00327,2025-07-06,North,Electronics,210.11,8.24,5,38,9,0,4
C00517,2025-07-07,North,Sports,83.83,13.35,3,78,6,0,4
C00165,2025-07-07,North,Fashion,29.64,6.64,4,49,2,0,4
C00499,2025-07-07,West,Fashion,49.85,12.05,2,120,5,0,4
C00597,2025-07-08,North,Sports,74.62,4.25,4,69,6,0,3
C00450,2025-07-08,South,Home,141.73,7.2,3,15,4,0,4
C00279,2025-07-08,North,Fashion,114.95,0.0,4,52,4,0,3
C00362,2025-07-09,South,Beauty,16.47,15.64,5,15,3,0,3
C00690,2025-07-09,West,Electronics,226.11,15.72,4,20,3,0,3
C00122,2025-07-09,West,Fashion,92.03,7.2,4,33,6,0,2
C00007,2025-07-10,West,Fashion,68.13,13.3,5,44,6,1,3
C00273,2025-07-10,East,Home,58.37,13.11,5,89,4,1,2
C00312,2025-07-11,East,Fashion,28.51,14.16,2,53,4,1,4
C00694,2025-07-11,North,Home,122.22,7.31,6,39,6,0,2
C00489,2025-07-11,East,Beauty,43.71,16.55,4,96,7,0,4
C00103,2025-07-11,East,Sports,123.78,8.99,2,93,5,0,4
C00360,2025-07-11,North,Electronics,148.89,28.52,4,41,9,0,4
C00667,2025-07-11,West,Electronics,176.18,24.43,4,124,6,0,3
C00337,2025-07-11,East,Fashion,72.9,5.32,1,48,7,0,4
C00618,2025-07-12,North,Home,84.38,11.19,4,53,6,0,4
C00448,2025-07-12,West,Sports,91.75,0.99,5,67,8,0,4
C00059,2025-07-13,East,Electronics,305.59,16.07,3,180,5,0,3
C00259,2025-07-13,East,Fashion,67.93,9.64,4,124,3,0,3
C00503,2025-07-13,West,Home,92.8,4.23,6,34,7,0,3
C00170,2025-07-13,West,Sports,78.12,20.33,4,53,8,0,4
C00370,2025-07-14,South,Electronics,166.35,2.35,5,91,8,0,3
C00316,2025-07-14,North,Electronics,92.13,19.75,2,78,7,0,5
C00181,2025-07-14,West,Electronics,105.28,14.83,4,21,5,0,3
C00149,2025-07-15,South,Electronics,134.04,6.84,6,62,6,0,4
C00483,2025-07-15,West,Fashion,34.69,20.39,6,42,5,0,2
C00395,2025-07-15,North,Beauty,54.41,22.16,6,69,4,1,3
C00041,2025-07-16,North,Sports,83.81,0.0,2,74,3,0,3
C00044,2025-07-16,East,Electronics,128.09,12.59,2,74,6,0,4
C00246,2025-07-16,South,Electronics,78.53,1.82,3,74,5,0,4
C00382,2025-07-16,North,Sports,84.37,16.31,5,47,8,0,3
C00331,2025-07-17,North,Home,71.64,8.23,2,77,5,0,4
C00466,2025-07-17,East,Electronics,169.1,0.0,5,56,7,0,4
C00678,2025-07-17,South,Sports,71.93,18.18,3,99,4,0,4
C00355,2025-07-17,South,Electronics,72.73,9.08,4,54,4,0,3
C00591,2025-07-18,West,Home,71.72,10.05,5,45,7,0,4
C00405,2025-07-18,West,Beauty,26.4,16.7,3,154,6,0,4
C00290,2025-07-18,East,Fashion,75.99,11.28,3,62,11,0,4
C00425,2025-07-19,East,Electronics,170.33,7.56,3,71,4,0,5
C00417,2025-07-19,North,Fashion,73.69,17.79,3,74,7,0,3
C00278,2025-07-19,East,Beauty,31.82,18.96,3,111,8,1,3
C00184,2025-07-19,South,Beauty,79.25,19.63,5,54,11,0,4
C00206,2025-07-19,North,Electronics,196.09,14.24,2,28,4,0,3
C00450,2025-07-19,South,Sports,65.64,6.52,2,20,5,0,3
C00263,2025-07-19,East,Electronics,135.57,0.5,2,58,9,0,4
C00647,2025-07-20,South,Fashion,43.74,14.99,6,30,6,0,4
C00027,2025-07-20,North,Fashion,97.47,1.68,3,103,8,1,4
C00624,2025-07-20,North,Fashion,63.42,14.99,1,42,7,0,4
C00307,2025-07-20,North,Fashion,71.15,0.0,3,17,8,0,3
C00524,2025-07-20,North,Sports,20.31,14.77,7,56,7,0,3
C00484,2025-07-20,East,Fashion,63.77,5.5,4,43,5,0,4
C00164,2025-07-21,North,Fashion,121.88,0.27,2,48,5,0,3
C00668,2025-07-21,East,Fashion,133.94,13.44,2,52,2,0,4
C00576,2025-07-21,South,Beauty,37.37,19.18,5,54,3,0,3
C00129,2025-07-22,West,Beauty,55.44,1.81,3,75,5,0,4
C00111,2025-07-22,West,Fashion,89.95,0.0,5,163,5,0,4
C00600,2025-07-23,South,Fashion,52.6,2.8,4,57,10,0,3
C00116,2025-07-23,North,Fashion,88.42,7.77,5,79,13,0,3
C00220,2025-07-23,South,Sports,68.75,0.0,5,108,6,0,3
C00417,2025-07-24,West,Electronics,104.31,19.68,5,109,8,1,4
C00534,2025-07-24,North,Sports,89.62,11.12,2,62,10,0,5
C00101,2025-07-24,North,Home,151.82,17.41,5,66,3,0,4
C00293,2025-07-25,South,Electronics,115.95,10.67,2,26,8,0,4
C00268,2025-07-25,West,Sports,93.89,10.37,4,21,4,0,4
C00137,2025-07-25,West,Fashion,64.99,15.15,4,83,6,0,3
C00044,2025-07-26,West,Fashion,41.76,16.45,3,68,3,0,4
C00034,2025-07-26,South,Electronics,108.58,16.53,6,70,3,0,4
C00554,2025-07-26,South,Fashion,58.26,23.15,3,130,8,0,3
C00109,2025-07-26,South,Electronics,160.54,14.3,5,72,4,0,3
C00116,2025-07-26,West,Beauty,61.24,6.29,5,70,2,0,4
C00220,2025-07-27,North,Fashion,42.46,9.46,2,85,2,0,4
C00606,2025-07-27,North,Electronics,165.9,25.49,4,49,3,0,4
C00480,2025-07-27,South,Electronics,109.87,15.87,5,48,4,0,3
C00156,2025-07-27,South,Beauty,65.96,5.7,4,42,5,0,5
C00608,2025-07-28,North,Fashion,63.18,14.33,4,42,8,0,4
C00522,2025-07-29,East,Fashion,51.67,15.9,2,170,7,0,3
C00128,2025-07-29,West,Beauty,38.27,14.59,3,56,12,0,4
C00298,2025-07-29,West,Sports,58.56,13.28,4,113,8,0,4
C00664,2025-07-29,North,Fashion,51.41,27.53,6,58,4,1,4
C00350,2025-07-30,South,Home,45.74,22.92,7,76,5,1,3
C00694,2025-07-30,West,Fashion,102.3,11.11,3,50,3,0,4
C00042,2025-07-30,North,Beauty,97.01,13.37,6,17,6,0,4
C00300,2025-07-30,West,Beauty,46.29,0.0,3,164,5,1,4
C00193,2025-07-31,East,Sports,70.02,2.18,3,103,6,0,4
C00363,2025-07-31,East,Sports,52.6,11.48,4,45,7,0,4
C00572,2025-08-01,South,Electronics,145.45,7.83,1,70,8,0,4
C00602,2025-08-02,North,Electronics,195.24,8.06,1,97,8,1,4
C00229,2025-08-02,North,Home,73.7,4.2,3,67,6,0,3
C00543,2025-08-02,North,Electronics,115.17,13.02,3,55,5,0,3
C00618,2025-08-03,West,Home,127.64,8.06,4,31,8,1,3
C00283,2025-08-03,East,Electronics,148.25,19.41,4,136,4,0,3
C00062,2025-08-03,South,Electronics,106.54,6.58,4,126,7,0,4
C00316,2025-08-03,East,Sports,75.7,4.28,4,32,5,0,3
C00089,2025-08-04,South,Fashion,54.39,8.7,2,37,4,0,4
C00399,2025-08-04,West,Electronics,351.28,11.58,2,38,5,0,4
C00522,2025-08-04,East,Fashion,52.02,17.7,4,52,2,0,4
C00427,2025-08-04,South,Beauty,29.93,11.37,2,64,5,0,3
C00408,2025-08-05,North,Home,98.21,6.47,4,24,10,0,3
C00001,2025-08-06,West,Sports,72.37,3.54,1,37,4,0,3
C00371,2025-08-06,North,Electronics,116.02,12.75,3,42,9,0,4
C00310,2025-08-06,North,Home,93.95,8.18,3,80,3,0,4
C00439,2025-08-07,North,Electronics,127.45,10.71,5,51,5,0,4
C00463,2025-08-07,West,Fashion,53.03,13.64,4,11,4,0,3
C00062,2025-08-07,East,Electronics,130.45,8.9,6,94,5,1,3
C00155,2025-08-07,East,Fashion,41.36,7.36,4,84,3,0,5
C00069,2025-08-07,West,Home,73.9,0.52,4,8,3,0,4
C00297,2025-08-08,North,Home,52.66,12.38,4,15,4,1,3
C00571,2025-08-08,East,Sports,56.35,0.0,3,69,4,0,4
C00339,2025-08-08,South,Fashion,41.43,13.58,3,35,7,0,4
C00585,2025-08-09,South,Fashion,66.66,0.0,3,74,3,0,4
C00579,2025-08-10,West,Fashion,110.98,5.84,5,65,4,0,3
C00169,2025-08-10,North,Fashion,41.27,0.0,4,170,6,1,4
C00351,2025-08-11,North,Home,72.39,15.67,2,13,3,0,4
C00101,2025-08-11,East,Electronics,96.92,17.82,4,19,7,0,3
C00532,2025-08-11,South,Fashion,93.48,16.54,3,31,5,0,4
C00658,2025-08-11,West,Electronics,172.65,12.53,4,106,2,0,4
C00331,2025-08-12,North,Electronics,178.67,17.62,3,25,2,0,4
C00332,2025-08-12,South,Fashion,60.17,19.14,6,15,5,0,4
C00544,2025-08-12,South,Fashion,53.14,15.93,3,140,7,1,4
C00675,2025-08-12,North,Electronics,104.54,6.39,3,80,7,0,4
C00093,2025-08-12,South,Home,108.94,2.95,6,105,2,0,3
C00250,2025-08-13,South,Beauty,60.31,4.43,5,40,5,0,3
C00525,2025-08-14,West,Beauty,60.29,2.74,1,28,3,0,4
C00397,2025-08-14,East,Fashion,58.88,17.89,6,69,8,0,4
C00435,2025-08-15,North,Home,72.62,9.73,2,115,7,1,4
C00088,2025-08-15,South,Electronics,188.76,13.8,4,88,9,1,3
C00345,2025-08-15,North,Sports,59.31,22.64,5,8,3,1,3
C00644,2025-08-16,East,Fashion,120.74,10.8,3,63,9,0,3
C00497,2025-08-16,East,Beauty,41.56,18.63,6,46,2,0,3
C00207,2025-08-17,West,Electronics,75.82,19.93,5,100,6,0,3
C00004,2025-08-17,West,Fashion,56.84,13.51,3,85,3,0,3
C00432,2025-08-17,West,Electronics,88.43,22.88,4,20,4,0,4
C00456,2025-08-17,West,Electronics,165.62,21.45,4,129,2,0,4
C00166,2025-08-17,East,Fashion,58.86,16.02,1,20,6,1,4
C00205,2025-08-18,North,Home,93.42,11.56,4,98,5,1,2
C00678,2025-08-18,North,Fashion,41.09,12.65,1,26,3,0,4
C00294,2025-08-18,South,Fashion,74.1,0.0,6,83,8,0,4
C00065,2025-08-19,East,Electronics,107.3,4.23,3,57,4,0,4
C00513,2025-08-19,North,Beauty,21.91,5.57,5,108,8,1,3
C00489,2025-08-20,South,Fashion,78.47,11.07,4,45,5,0,4
C00015,2025-08-20,South,Electronics,125.74,11.1,4,138,6,0,4
C00250,2025-08-20,West,Electronics,180.51,8.11,4,80,4,0,4
C00068,2025-08-20,North,Home,182.36,22.01,4,47,3,0,3
C00355,2025-08-21,South,Fashion,124.64,0.77,3,25,3,0,3
C00523,2025-08-21,South,Fashion,49.07,3.74,4,83,8,0,4
C00364,2025-08-21,South,Fashion,62.43,13.93,3,87,6,0,4
C00618,2025-08-22,North,Fashion,44.22,1.01,2,145,5,0,3
C00145,2025-08-22,South,Electronics,146.44,19.88,1,14,5,1,5
C00699,2025-08-23,West,Electronics,196.04,18.82,3,41,5,0,5
C00127,2025-08-23,West,Electronics,111.74,20.29,4,35,8,0,3
C00272,2025-08-23,West,Fashion,92.85,15.99,3,26,10,0,3
C00285,2025-08-23,West,Fashion,69.61,4.59,1,54,6,0,5
C00102,2025-08-24,South,Electronics,181.72,11.73,3,97,4,0,4
C00417,2025-08-24,North,Electronics,191.65,25.07,5,114,3,0,4
C00067,2025-08-25,South,Beauty,66.22,10.19,4,97,7,1,3
C00050,2025-08-25,West,Beauty,57.92,0.0,6,100,5,0,4
C00655,2025-08-25,North,Fashion,63.82,7.99,3,53,8,1,4
C00012,2025-08-25,South,Beauty,43.67,12.7,4,25,9,0,4
C00559,2025-08-26,North,Sports,105.16,16.07,4,152,3,1,2
C00221,2025-08-26,West,Sports,56.61,17.98,3,12,4,0,3
C00423,2025-08-26,East,Electronics,260.03,6.54,3,35,6,0,4
C00286,2025-08-26,East,Electronics,136.68,16.26,3,171,3,0,3
C00561,2025-08-27,East,Fashion,61.15,12.13,2,100,4,0,4
C00454,2025-08-28,North,Beauty,33.84,6.96,7,111,7,0,3
C00509,2025-08-28,South,Electronics,96.18,15.87,5,12,5,1,4
C00576,2025-08-28,North,Home,84.57,14.8,5,123,4,1,3
C00223,2025-08-28,West,Electronics,88.07,24.01,4,43,6,0,4
C00172,2025-08-28,East,Sports,193.76,5.88,3,74,7,0,4
C00166,2025-08-28,West,Home,99.29,8.74,3,24,6,0,4
C00306,2025-08-29,South,Beauty,71.76,19.87,4,50,3,0,4
C00398,2025-08-29,West,Fashion,64.12,11.49,6,61,3,0,3
C00052,2025-08-29,North,Beauty,69.06,3.63,5,35,3,0,4
C00545,2025-08-30,East,Fashion,51.88,3.14,3,35,6,0,3
C00345,2025-08-30,West,Home,68.31,11.56,2,19,8,1,4
C00119,2025-08-31,East,Fashion,50.13,6.1,2,22,6,0,3
C00443,2025-09-01,North,Beauty,57.25,17.54,3,96,8,0,3
C00059,2025-09-01,South,Beauty,41.23,10.43,4,29,6,1,4
C00622,2025-09-01,North,Home,106.26,13.67,5,115,3,1,3
C00360,2025-09-02,South,Home,105.21,0.0,4,102,4,0,4
C00298,2025-09-02,West,Home,74.71,0.0,6,37,4,1,3
C00435,2025-09-02,South,Electronics,117.34,21.27,4,62,6,0,4
C00119,2025-09-03,North,Electronics,123.26,10.04,5,48,4,0,3
C00058,2025-09-03,South,Beauty,57.5,3.69,4,63,3,0,3
C00099,2025-09-04,East,Sports,57.36,22.41,2,33,3,1,3
C00606,2025-09-04,East,Fashion,108.13,6.74,5,53,6,0,4
C00243,2025-09-04,South,Sports,167.51,19.64,1,54,3,0,4
C00100,2025-09-05,East,Beauty,73.38,14.43,5,125,3,0,3
C00673,2025-09-05,South,Home,109.92,16.8,3,67,7,0,3
C00427,2025-09-06,North,Electronics,110.13,10.49,4,31,6,0,4
C00533,2025-09-06,East,Fashion,65.9,18.43,4,8,7,0,4
C00009,2025-09-06,North,Electronics,163.1,14.23,3,41,9,0,4
C00141,2025-09-07,East,Beauty,41.78,3.31,5,129,5,0,4
C00430,2025-09-07,North,Home,90.2,15.47,6,52,6,0,3
C00505,2025-09-07,North,Fashion,90.22,15.74,3,111,6,0,4
C00445,2025-09-07,East,Fashion,163.07,6.45,2,20,8,0,3
C00081,2025-09-07,South,Electronics,317.56,15.12,1,37,9,0,4
C00510,2025-09-07,North,Electronics,104.4,20.52,4,81,3,0,3
C00534,2025-09-07,West,Beauty,57.93,9.7,3,120,6,0,4
C00460,2025-09-08,East,Home,77.95,17.56,1,65,6,0,4
C00185,2025-09-08,South,Fashion,63.99,26.46,6,48,4,1,3
C00179,2025-09-08,West,Fashion,35.14,12.06,5,36,6,0,4
C00049,2025-09-09,South,Home,123.58,6.59,3,122,6,1,3
C00060,2025-09-10,North,Fashion,71.64,15.22,3,49,6,0,4
C00044,2025-09-10,East,Beauty,66.54,13.26,4,98,7,0,4
C00208,2025-09-11,North,Fashion,51.59,16.83,2,166,3,0,5
C00132,2025-09-11,West,Home,63.46,17.74,3,51,4,0,4
C00335,2025-09-12,North,Fashion,64.52,11.34,5,41,3,0,4
C00262,2025-09-12,East,Beauty,40.09,13.74,5,49,5,1,3
C00106,2025-09-12,South,Beauty,53.81,14.87,3,152,4,0,4
C00424,2025-09-12,North,Home,111.18,12.12,2,17,3,0,4
C00624,2025-09-12,West,Fashion,100.05,7.04,4,64,6,0,3
C00008,2025-09-12,East,Beauty,40.59,9.43,3,28,5,0,4
C00344,2025-09-13,East,Electronics,135.51,16.11,3,104,3,0,4
C00497,2025-09-13,South,Electronics,165.62,12.59,3,9,5,0,4
C00395,2025-09-13,North,Electronics,111.02,8.33,4,74,4,0,4
C00050,2025-09-13,North,Beauty,33.84,28.63,6,91,7,0,2
C00019,2025-09-13,West,Home,116.27,13.16,6,43,5,0,4
C00422,2025-09-14,North,Beauty,38.12,14.32,4,91,14,0,4
C00132,2025-09-14,West,Beauty,53.16,5.27,3,69,5,0,3
C00298,2025-09-14,South,Electronics,143.89,3.42,6,67,4,1,4
C00586,2025-09-14,East,Home,92.94,6.29,3,33,4,0,4
C00676,2025-09-15,West,Electronics,90.49,18.53,4,74,4,0,4
C00513,2025-09-16,South,Fashion,59.98,15.21,4,75,5,0,4
C00459,2025-09-16,South,Home,82.52,1.03,3,47,6,0,4
C00133,2025-09-16,West,Sports,45.27,15.23,2,36,6,0,4
C00256,2025-09-16,North,Sports,62.94,11.15,5,90,4,0,3
C00659,2025-09-17,South,Sports,70.7,11.63,5,38,11,0,3
C00616,2025-09-17,North,Home,129.02,10.13,4,130,4,0,4
C00072,2025-09-18,South,Electronics,132.06,19.93,3,77,5,0,4
C00077,2025-09-18,East,Electronics,224.22,9.88,3,83,5,0,3
C00373,2025-09-18,East,Fashion,42.18,30.79,4,18,4,0,3
C00602,2025-09-18,North,Fashion,66.01,0.0,2,39,7,0,3
C00200,2025-09-18,West,Fashion,64.69,12.44,4,85,4,1,4
C00005,2025-09-18,West,Electronics,189.58,11.06,5,64,5,0,4
C00582,2025-09-18,East,Fashion,47.0,8.32,1,63,4,0,5
C00393,2025-09-18,West,Electronics,107.38,18.4,4,122,3,0,4
C00584,2025-09-18,North,Home,61.8,12.08,5,35,9,0,4
C00232,2025-09-19,East,Sports,57.16,11.86,5,64,8,1,3
C00406,2025-09-19,North,Beauty,48.47,16.21,3,52,6,1,4
C00266,2025-09-19,West,Sports,59.41,6.57,5,72,4,0,4
C00028,2025-09-19,North,Beauty,63.47,6.5,4,14,7,1,2
C00209,2025-09-20,East,Sports,70.0,14.6,5,89,5,0,5
C00374,2025-09-20,West,Sports,72.39,10.84,3,26,4,0,3
C00642,2025-09-20,South,Home,98.02,12.74,3,119,5,0,5
C00632,2025-09-20,South,Electronics,109.42,16.05,3,138,2,1,4
C00567,2025-09-20,North,Sports,42.59,18.22,4,57,5,0,3
C00413,2025-09-20,West,Fashion,58.84,12.3,4,43,3,0,4
C00646,2025-09-21,East,Fashion,72.66,16.71,1,22,7,1,4
C00170,2025-09-21,East,Fashion,52.2,17.05,6,72,8,0,4
C00199,2025-09-21,West,Sports,63.35,17.11,5,28,6,0,4
C00422,2025-09-22,South,Electronics,149.44,12.59,3,67,9,0,4
C00400,2025-09-22,East,Electronics,78.42,0.0,3,30,6,0,4
C00095,2025-09-22,South,Electronics,116.83,12.15,4,60,7,0,3
C00001,2025-09-23,North,Sports,44.13,4.2,5,92,7,0,4
C00294,2025-09-23,North,Fashion,29.89,24.0,5,18,8,0,3
C00309,2025-09-23,North,Beauty,29.3,4.29,4,36,3,0,4
C00223,2025-09-23,South,Beauty,83.01,17.51,7,168,7,0,3
C00115,2025-09-23,North,Fashion,58.23,12.83,5,22,7,0,3
C00054,2025-09-24,South,Home,81.71,21.17,3,32,5,0,3
C00597,2025-09-24,East,Beauty,50.92,4.58,4,51,2,0,4
C00685,2025-09-24,East,Home,54.34,13.92,2,105,5,1,3
C00295,2025-09-24,East,Electronics,262.16,2.45,4,77,5,0,5
C00185,2025-09-25,East,Home,117.51,25.21,5,75,4,0,3
C00199,2025-09-26,East,Fashion,34.83,12.83,5,20,4,1,3
C00557,2025-09-26,East,Home,71.56,16.06,2,61,2,0,4
C00385,2025-09-26,West,Beauty,25.32,6.02,4,48,11,0,4
C00663,2025-09-26,East,Electronics,73.92,0.0,5,85,2,0,4
C00093,2025-09-27,North,Electronics,101.39,28.78,2,37,7,0,3
C00461,2025-09-27,West,Sports,83.02,10.9,5,167,6,1,2
C00581,2025-09-27,East,Sports,54.19,19.61,3,115,8,0,5
C00370,2025-09-27,North,Fashion,68.97,12.98,4,46,7,1,3
C00275,2025-09-27,North,Beauty,57.17,2.38,5,70,2,1,4
C00586,2025-09-27,East,Fashion,88.44,13.8,3,78,4,0,3
C00317,2025-09-27,East,Home,96.54,12.65,4,112,6,0,4
C00569,2025-09-28,West,Home,96.28,9.18,3,145,9,0,4
C00520,2025-09-29,East,Sports,138.18,19.47,3,79,6,0,3
C00574,2025-09-29,West,Sports,64.1,11.42,1,50,3,0,4
C00275,2025-09-29,South,Electronics,136.67,8.22,1,87,7,0,4
C00694,2025-09-30,West,Sports,72.8,14.15,3,65,4,0,3
C00302,2025-09-30,West,Electronics,73.13,9.7,3,25,8,1,4
C00642,2025-10-01,North,Beauty,45.97,19.91,3,179,4,0,4
C00136,2025-10-01,West,Fashion,120.56,5.93,3,42,9,0,4
C00683,2025-10-01,South,Fashion,120.03,10.29,1,33,4,1,4
C00041,2025-10-01,East,Home,77.52,27.17,3,9,8,1,3
C00386,2025-10-01,North,Home,121.46,11.57,2,13,8,0,4
C00335,2025-10-01,South,Electronics,131.54,12.53,5,108,3,0,4
C00576,2025-10-01,North,Home,127.2,16.78,3,128,5,0,3
C00212,2025-10-01,North,Electronics,126.58,17.53,5,108,3,0,2
C00551,2025-10-02,South,Beauty,52.73,7.96,4,48,3,0,3
C00304,2025-10-02,South,Electronics,168.0,5.55,5,150,3,0,4
C00129,2025-10-02,East,Home,61.78,9.24,6,67,5,1,3
C00274,2025-10-03,East,Electronics,161.54,8.11,3,64,8,0,5
C00388,2025-10-03,North,Fashion,63.35,22.47,3,41,9,1,3
C00051,2025-10-03,South,Sports,38.27,24.22,4,24,7,1,4
C00691,2025-10-03,North,Fashion,97.66,8.62,3,59,5,0,4
C00291,2025-10-03,East,Fashion,79.66,7.58,4,76,4,0,3
C00260,2025-10-03,West,Fashion,100.89,6.42,2,92,6,0,4
C00593,2025-10-03,East,Beauty,32.34,8.73,4,77,6,0,5
C00562,2025-10-04,West,Electronics,103.12,17.71,3,49,7,0,4
C00143,2025-10-04,East,Beauty,65.4,6.88,2,42,7,1,4
C00111,2025-10-04,East,Fashion,49.91,7.83,3,44,4,0,3
C00643,2025-10-04,North,Electronics,137.51,19.38,5,123,8,0,3
C00563,2025-10-04,South,Home,47.65,13.48,4,68,3,0,3
C00022,2025-10-04,North,Sports,101.87,7.65,3,71,8,0,4
C00477,2025-10-04,West,Sports,128.03,8.02,4,40,5,0,4
C00125,2025-10-05,West,Fashion,70.66,7.88,3,74,8,0,5
C00243,2025-10-05,East,Home,61.45,21.16,3,27,5,0,4
C00362,2025-10-06,South,Electronics,90.68,9.05,4,93,6,1,3
C00542,2025-10-06,North,Electronics,134.5,0.0,3,88,6,0,3
C00640,2025-10-06,East,Sports,99.86,9.5,4,78,3,0,4
C00365,2025-10-07,East,Electronics,163.74,8.38,4,62,4,0,4
C00559,2025-10-08,South,Sports,184.65,7.88,3,49,8,0,3
C00245,2025-10-08,East,Home,61.85,6.46,3,44,4,1,4
C00379,2025-10-08,East,Home,80.17,25.0,4,109,7,0,4
C00545,2025-10-08,North,Beauty,52.4,3.18,4,79,8,0,3
C00384,2025-10-08,South,Fashion,63.92,16.58,2,109,5,1,5
C00538,2025-10-08,North,Fashion,67.36,23.36,3,80,5,0,4
C00167,2025-10-08,East,Fashion,28.94,20.98,5,95,7,0,4
C00695,2025-10-09,North,Electronics,190.67,7.73,4,89,6,0,3
C00031,2025-10-09,North,Home,100.63,4.09,4,29,7,0,4
C00230,2025-10-09,West,Beauty,87.41,2.94,3,95,7,0,3
C00623,2025-10-10,West,Fashion,45.68,8.25,4,40,5,0,4
C00477,2025-10-11,South,Fashion,76.49,8.64,3,12,3,0,4
C00657,2025-10-11,West,Fashion,59.4,4.18,3,55,4,0,4
C00101,2025-10-11,West,Fashion,55.4,15.4,3,17,4,0,4
C00173,2025-10-11,South,Fashion,54.07,0.0,4,180,4,1,4
C00008,2025-10-12,East,Beauty,38.42,10.89,2,35,8,0,4
C00638,2025-10-12,East,Electronics,215.78,16.52,5,49,3,1,3
C00417,2025-10-13,North,Electronics,86.73,9.75,7,51,3,1,3
C00221,2025-10-13,South,Beauty,48.71,13.02,3,66,4,0,5
C00569,2025-10-14,West,Fashion,57.5,15.07,4,89,5,0,4
C00192,2025-10-14,West,Sports,133.49,9.89,2,166,5,0,3
C00449,2025-10-14,West,Beauty,42.56,14.1,4,84,6,0,4
C00655,2025-10-15,West,Electronics,211.64,10.96,5,47,4,1,2
C00094,2025-10-15,West,Electronics,147.39,22.5,2,108,3,0,4
C00274,2025-10-16,West,Fashion,57.61,24.2,2,91,9,0,3
C00673,2025-10-16,South,Electronics,114.47,7.83,3,45,7,1,3
C00218,2025-10-16,North,Electronics,107.95,0.0,2,125,6,0,4
C00455,2025-10-16,West,Fashion,38.97,13.12,3,33,8,0,4
C00053,2025-10-16,West,Home,46.52,7.88,4,76,5,1,3
C00349,2025-10-16,East,Home,99.94,6.0,3,100,7,0,3
C00690,2025-10-17,North,Fashion,89.66,18.47,4,70,3,0,4
C00483,2025-10-17,South,Electronics,104.0,14.01,4,4,3,0,3
C00004,2025-10-17,East,Electronics,141.84,2.99,4,103,7,1,4
C00520,2025-10-19,North,Sports,111.52,12.45,4,72,5,0,5
C00489,2025-10-19,West,Sports,74.26,12.21,4,13,2,1,3
C00327,2025-10-19,North,Home,80.55,10.36,6,42,2,0,4
C00238,2025-10-19,North,Home,109.97,13.29,4,38,6,0,4
C00115,2025-10-19,South,Electronics,125.59,9.57,3,140,4,1,3
C00351,2025-10-20,North,Fashion,78.17,18.2,4,62,2,0,4
C00447,2025-10-20,North,Sports,99.21,7.39,5,43,3,0,4
C00202,2025-10-20,North,Beauty,77.78,2.64,6,25,4,0,4
C00404,2025-10-21,South,Home,65.55,14.17,2,124,6,0,4
C00181,2025-10-21,North,Electronics,199.82,9.63,5,35,6,0,4
C00465,2025-10-21,West,Home,103.48,21.61,5,139,4,0,3
C00589,2025-10-21,South,Beauty,37.01,7.59,6,40,5,0,3
C00158,2025-10-22,East,Beauty,38.27,19.58,4,63,5,0,4
C00503,2025-10-22,North,Electronics,172.88,21.35,2,94,10,0,4
C00636,2025-10-23,North,Fashion,62.4,10.75,3,119,5,0,3
C00532,2025-10-23,West,Electronics,57.74,2.65,3,70,6,0,5
C00338,2025-10-23,South,Beauty,38.7,12.82,4,36,3,1,3
C00192,2025-10-24,South,Fashion,53.46,21.38,4,70,10,0,3
C00372,2025-10-24,West,Home,56.26,4.99,3,173,2,0,3
C00616,2025-10-24,East,Sports,59.06,14.06,4,38,4,0,4
C00678,2025-10-25,North,Electronics,214.66,3.99,2,59,5,1,3
C00490,2025-10-26,North,Fashion,72.94,16.96,3,78,5,0,3
C00001,2025-10-26,North,Home,97.68,10.62,4,125,2,0,5
C00052,2025-10-26,South,Sports,69.4,15.78,6,24,5,0,4
C00403,2025-10-27,South,Fashion,60.68,14.07,3,43,5,0,3
C00173,2025-10-27,East,Fashion,75.51,12.5,4,69,9,0,3
C00192,2025-10-27,East,Beauty,65.88,6.24,2,123,6,0,4
C00656,2025-10-27,North,Beauty,63.99,13.9,1,60,4,0,4
C00433,2025-10-27,West,Electronics,113.09,15.21,3,62,1,0,4
C00490,2025-10-28,North,Home,127.14,13.15,3,53,8,0,4
C00207,2025-10-29,West,Home,64.1,17.38,3,78,8,0,3
C00619,2025-10-29,East,Electronics,143.35,33.21,4,27,4,0,3
C00499,2025-10-30,South,Sports,58.97,15.97,3,113,6,1,3
C00445,2025-10-30,West,Fashion,39.38,11.6,3,100,10,1,4
C00530,2025-10-30,West,Home,61.62,4.24,5,95,7,0,5
C00309,2025-10-31,South,Fashion,66.27,3.7,3,93,9,0,4
C00533,2025-10-31,East,Sports,78.06,15.52,4,78,5,0,4
C00494,2025-10-31,North,Fashion,43.74,9.99,2,81,4,0,4
C00138,2025-10-31,East,Fashion,40.48,4.06,3,65,6,0,5
C00094,2025-10-31,South,Home,53.92,14.1,3,35,4,0,5
C00332,2025-10-31,West,Fashion,76.57,6.44,1,64,9,0,5
C00325,2025-10-31,North,Beauty,53.5,11.47,6,22,7,1,3
C00618,2025-10-31,North,Beauty,57.56,3.39,3,54,7,0,4
C00014,2025-11-01,North,Electronics,108.3,2.21,3,130,7,0,4
C00305,2025-11-01,West,Fashion,24.42,22.66,3,124,5,0,5
C00065,2025-11-01,North,Electronics,160.18,14.19,4,7,4,1,4
C00143,2025-11-01,East,Beauty,26.83,12.29,4,117,3,1,3
C00062,2025-11-01,North,Electronics,279.16,13.26,6,58,8,1,3
C00467,2025-11-02,West,Electronics,235.17,10.85,5,76,6,0,4
C00487,2025-11-02,North,Electronics,180.38,4.21,4,33,6,1,3
C00050,2025-11-02,East,Beauty,30.56,7.54,4,28,6,0,4
C00292,2025-11-02,West,Sports,116.81,5.4,2,121,5,0,4
C00200,2025-11-02,South,Home,79.15,4.69,3,37,7,0,3
C00506,2025-11-02,South,Fashion,51.72,11.24,4,73,7,0,4
C00053,2025-11-02,South,Home,130.82,9.78,1,34,2,0,3
C00658,2025-11-03,East,Sports,58.19,9.04,4,51,9,0,4
C00631,2025-11-03,East,Fashion,20.33,6.37,5,94,4,0,3
C00558,2025-11-03,South,Electronics,120.84,16.24,5,58,7,0,5
C00266,2025-11-03,North,Sports,38.62,12.25,2,93,5,0,4
C00188,2025-11-03,West,Home,136.52,19.21,4,102,13,0,4
C00009,2025-11-04,East,Beauty,38.88,2.77,2,105,5,0,4
C00325,2025-11-04,South,Electronics,157.56,4.94,6,34,4,1,2
C00307,2025-11-04,East,Sports,81.17,11.77,3,14,7,1,3
C00302,2025-11-04,South,Beauty,64.49,14.55,1,83,8,0,4
C00692,2025-11-04,East,Fashion,66.17,8.09,5,47,8,0,3
C00402,2025-11-04,South,Home,50.34,11.84,4,63,6,1,3
C00555,2025-11-04,West,Home,39.16,8.8,4,80,8,0,4
C00019,2025-11-05,North,Home,176.36,5.96,3,24,6,0,5
C00082,2025-11-05,South,Electronics,148.96,9.13,5,7,9,0,4
C00378,2025-11-05,North,Beauty,36.1,7.89,4,31,3,1,4
C00503,2025-11-06,North,Fashion,61.04,15.24,5,122,11,0,3
C00528,2025-11-07,East,Electronics,105.37,9.52,2,34,6,0,4
C00531,2025-11-08,North,Fashion,67.5,9.38,3,85,7,0,3
C00227,2025-11-08,South,Fashion,42.35,17.06,3,58,4,0,3
C00484,2025-11-08,South,Electronics,208.33,1.73,3,9,6,0,4
C00067,2025-11-09,West,Home,74.49,10.48,4,21,6,1,3
C00370,2025-11-09,North,Sports,37.01,0.47,4,87,5,1,3
C00489,2025-11-10,East,Fashion,43.84,15.4,3,24,9,0,4
C00367,2025-11-10,East,Home,87.48,4.63,2,161,5,0,4
C00367,2025-11-10,North,Sports,85.61,9.16,7,71,3,0,4
C00663,2025-11-10,East,Fashion,84.98,8.99,3,53,4,0,4
C00088,2025-11-10,East,Fashion,88.63,19.31,3,51,6,0,3
C00313,2025-11-11,East,Electronics,128.17,10.83,4,65,5,0,4
C00264,2025-11-11,West,Sports,111.45,0.0,5,78,3,0,4
C00195,2025-11-12,North,Electronics,152.87,0.39,3,21,3,0,4
C00333,2025-11-13,South,Sports,57.05,11.64,5,115,3,0,3
C00167,2025-11-13,West,Sports,97.06,4.04,5,21,5,1,4
C00204,2025-11-13,East,Electronics,114.66,18.52,3,136,3,0,4
C00091,2025-11-13,West,Electronics,134.71,13.75,3,56,2,0,4
C00637,2025-11-14,South,Beauty,34.99,21.07,5,35,6,0,5
C00287,2025-11-14,North,Home,64.56,13.07,3,48,3,0,3
C00241,2025-11-15,South,Electronics,175.4,13.99,3,58,4,0,4
C00011,2025-11-15,South,Beauty,43.02,5.13,1,49,3,0,4
C00132,2025-11-16,East,Fashion,31.96,10.37,5,33,6,0,4
C00057,2025-11-16,West,Electronics,82.4,11.81,4,42,5,0,4
C00396,2025-11-16,East,Fashion,104.7,22.59,5,37,7,0,3
C00557,2025-11-16,East,Electronics,146.76,5.45,2,95,3,0,3
C00126,2025-11-17,West,Home,141.51,6.34,5,29,4,0,2
C00045,2025-11-17,West,Home,87.68,20.57,3,159,6,0,4
C00080,2025-11-17,West,Beauty,29.76,5.34,3,87,6,1,4
C00595,2025-11-17,South,Beauty,42.72,24.01,2,69,4,1,4
C00047,2025-11-17,North,Fashion,99.64,20.09,4,94,2,0,3
C00026,2025-11-17,West,Fashion,52.8,0.4,4,180,9,0,3
C00333,2025-11-17,North,Electronics,163.36,0.0,4,22,8,0,4
C00442,2025-11-17,East,Electronics,101.79,10.17,5,87,3,0,4
C00476,2025-11-18,East,Fashion,36.89,15.49,6,36,3,0,4
C00044,2025-11-18,South,Fashion,57.6,6.81,1,33,5,0,4
C00151,2025-11-18,East,Sports,101.77,16.67,5,42,4,1,4
C00130,2025-11-18,South,Beauty,54.85,11.31,4,49,7,0,4
C00046,2025-11-19,North,Sports,66.06,15.21,5,36,5,0,4
C00168,2025-11-19,West,Sports,69.14,17.11,5,72,5,1,4
C00526,2025-11-19,North,Fashion,56.66,10.76,1,101,5,1,3
C00391,2025-11-19,North,Fashion,135.97,16.73,3,72,3,0,4
C00191,2025-11-20,South,Home,156.44,5.5,5,20,8,1,4
C00394,2025-11-21,North,Electronics,143.46,12.44,2,28,3,0,4
C00486,2025-11-22,West,Beauty,108.26,8.06,4,19,7,0,4
C00460,2025-11-23,South,Fashion,71.83,10.12,3,41,7,0,4
C00569,2025-11-24,East,Sports,76.5,5.16,5,73,8,0,3
C00116,2025-11-24,West,Sports,96.58,15.71,3,130,3,0,5
C00209,2025-11-25,North,Home,60.29,21.89,4,22,6,0,4
C00560,2025-11-25,North,Sports,124.47,20.74,5,104,7,1,2
C00003,2025-11-25,West,Fashion,50.35,18.83,3,114,5,1,4
C00034,2025-11-25,South,Home,139.12,10.9,6,21,4,0,4
C00188,2025-11-26,West,Fashion,72.87,13.35,5,18,4,0,3
C00435,2025-11-26,South,Electronics,144.9,14.35,3,64,3,1,3
C00233,2025-11-27,South,Electronics,146.55,19.64,5,53,7,0,4
C00158,2025-11-29,East,Electronics,162.14,15.56,5,41,5,0,3
C00056,2025-11-29,East,Fashion,110.23,9.15,5,16,4,0,2
C00326,2025-11-29,East,Home,103.71,19.07,2,97,2,0,3
C00163,2025-11-29,South,Fashion,56.32,14.61,5,115,11,0,3
C00156,2025-11-30,East,Sports,87.26,20.38,3,38,6,0,4
C00088,2025-12-01,North,Fashion,140.49,7.62,5,32,4,0,4
C00205,2025-12-01,South,Beauty,21.96,28.95,6,77,5,0,3
C00358,2025-12-01,South,Home,70.44,13.58,4,105,7,1,4
C00298,2025-12-01,East,Beauty,56.84,7.6,4,115,7,0,4
C00122,2025-12-01,South,Home,97.16,17.14,4,91,6,1,4
C00394,2025-12-02,North,Home,46.27,9.02,2,41,5,0,4
C00603,2025-12-02,North,Beauty,36.63,0.51,4,73,7,0,4
C00206,2025-12-02,South,Beauty,37.92,19.21,3,29,8,0,4
C00438,2025-12-03,South,Electronics,130.52,2.59,4,77,9,0,5
C00084,2025-12-04,West,Home,97.32,16.06,4,46,4,0,2
C00700,2025-12-04,East,Electronics,153.61,0.55,6,32,3,0,3
C00487,2025-12-04,South,Fashion,35.94,20.54,4,44,5,0,3
C00153,2025-12-05,East,Fashion,38.77,2.18,4,77,6,0,5
C00494,2025-12-07,South,Fashion,60.02,7.62,3,34,7,0,4
C00292,2025-12-07,East,Fashion,66.13,27.92,5,62,3,0,3
C00328,2025-12-07,East,Fashion,61.08,12.28,8,55,7,0,3
C00452,2025-12-07,North,Home,62.88,12.7,6,71,7,0,3
C00220,2025-12-08,East,Fashion,67.32,9.57,4,47,7,0,4
C00028,2025-12-08,East,Fashion,70.04,11.18,4,60,6,0,3
C00329,2025-12-08,North,Home,98.96,6.93,6,65,4,0,5
C00414,2025-12-09,North,Beauty,48.78,26.84,3,134,4,0,4
C00541,2025-12-09,South,Electronics,106.83,6.32,3,45,7,0,4
C00551,2025-12-09,South,Fashion,39.49,26.0,5,70,6,0,3
C00262,2025-12-10,West,Sports,66.1,9.26,5,21,9,0,3
C00339,2025-12-10,South,Electronics,230.89,1.63,2,11,2,0,4
C00067,2025-12-11,West,Sports,88.65,20.62,2,14,9,0,4
C00380,2025-12-12,West,Home,104.36,17.21,2,50,6,0,4
C00296,2025-12-12,South,Sports,45.01,19.07,5,45,6,0,4
C00159,2025-12-12,South,Beauty,47.55,6.88,5,49,7,0,4
C00467,2025-12-12,West,Beauty,67.48,16.36,4,21,4,0,4
C00528,2025-12-12,North,Sports,110.39,15.7,5,152,6,1,3
C00646,2025-12-12,South,Fashion,30.2,17.34,2,27,5,0,4
C00261,2025-12-13,West,Beauty,45.12,15.31,1,66,7,1,3
C00618,2025-12-13,South,Home,96.73,21.2,5,62,4,1,2
C00052,2025-12-13,South,Electronics,108.89,10.37,2,34,7,0,4
C00011,2025-12-13,South,Electronics,109.2,15.98,4,59,4,0,3
C00294,2025-12-14,East,Beauty,46.3,11.6,3,60,5,0,4
C00599,2025-12-14,East,Electronics,135.59,25.29,4,72,6,0,4
C00430,2025-12-14,South,Fashion,65.73,24.39,2,15,7,0,4
C00402,2025-12-14,West,Sports,81.16,19.59,4,144,3,0,3
C00471,2025-12-15,South,Beauty,40.95,14.4,2,17,4,0,4
C00265,2025-12-15,West,Beauty,56.84,18.69,2,79,5,0,4
C00485,2025-12-15,East,Electronics,155.41,22.01,4,124,7,0,2
C00432,2025-12-16,West,Fashion,38.47,2.29,5,64,7,1,3
C00460,2025-12-16,North,Fashion,75.0,15.54,3,45,6,0,4
C00111,2025-12-16,South,Home,92.84,10.8,3,27,6,1,4
C00100,2025-12-17,East,Electronics,167.37,10.29,3,143,5,0,4
C00569,2025-12-17,North,Electronics,110.1,0.6,2,50,6,1,4
C00480,2025-12-17,North,Sports,85.69,2.72,2,103,4,0,3
C00228,2025-12-17,East,Fashion,98.12,16.42,3,65,6,0,3
C00530,2025-12-17,South,Beauty,45.92,16.35,4,148,7,1,4
C00198,2025-12-17,South,Electronics,73.42,25.18,2,54,8,0,3
C00192,2025-12-17,North,Home,111.94,14.14,2,81,8,0,4
C00694,2025-12-18,North,Home,85.2,4.14,4,70,4,0,4
C00650,2025-12-18,East,Fashion,38.13,11.89,3,56,3,0,3
C00170,2025-12-18,North,Fashion,119.97,21.08,3,83,4,0,3
C00531,2025-12-19,East,Fashion,58.09,14.95,1,57,4,1,4
C00135,2025-12-19,North,Electronics,233.76,20.2,5,98,4,0,3
C00425,2025-12-19,East,Electronics,165.23,5.08,5,68,4,0,4
C00142,2025-12-19,North,Fashion,43.36,14.57,1,54,6,0,3
C00178,2025-12-20,West,Beauty,71.36,8.05,3,99,7,0,4
C00507,2025-12-20,South,Electronics,194.61,10.57,6,35,8,0,2
C00380,2025-12-20,North,Electronics,397.1,6.08,3,175,3,1,4
C00449,2025-12-21,South,Home,76.61,10.73,2,25,4,0,4
C00412,2025-12-21,South,Sports,125.39,11.17,3,83,4,1,3
C00088,2025-12-21,West,Home,84.27,3.59,6,68,5,1,4
C00006,2025-12-22,West,Home,66.88,18.35,1,25,3,1,3
C00166,2025-12-22,West,Electronics,100.8,11.69,4,7,5,0,4
C00690,2025-12-22,East,Fashion,43.53,3.96,6,180,5,0,3
C00028,2025-12-22,South,Electronics,111.07,11.55,5,49,3,0,4
C00367,2025-12-23,West,Electronics,111.55,10.98,6,26,7,0,3
C00619,2025-12-24,North,Fashion,98.79,11.37,2,180,8,1,3
C00567,2025-12-24,North,Electronics,185.91,11.2,3,51,5,0,4
C00406,2025-12-24,South,Beauty,44.42,19.21,4,101,7,0,3
C00654,2025-12-24,East,Beauty,34.25,6.1,4,57,5,0,3
C00201,2025-12-24,South,Electronics,89.47,13.43,2,61,9,0,4
C00611,2025-12-24,East,Beauty,57.8,11.97,4,58,10,0,4
C00179,2025-12-24,North,Home,58.48,12.05,4,10,7,0,4
C00358,2025-12-25,South,Fashion,48.0,6.17,5,64,7,1,4
C00170,2025-12-25,North,Beauty,66.92,15.08,2,70,7,0,4
C00500,2025-12-25,South,Fashion,45.03,9.84,4,37,2,0,3
C00522,2025-12-26,North,Fashion,65.48,6.83,4,37,5,0,4
C00186,2025-12-26,South,Home,90.49,12.79,5,57,3,0,3
C00080,2025-12-26,West,Electronics,119.55,0.0,4,40,3,0,4
C00192,2025-12-26,East,Home,51.33,12.74,3,89,11,0,4
C00197,2025-12-26,South,Home,80.71,15.64,4,29,7,0,4
C00130,2025-12-27,East,Home,82.53,30.22,1,24,3,0,4
C00613,2025-12-27,West,Beauty,37.82,3.92,5,180,8,0,3
C00004,2025-12-27,West,Beauty,76.0,16.75,4,63,4,1,2
C00668,2025-12-27,East,Electronics,189.26,18.98,4,59,6,1,4
C00672,2025-12-28,West,Electronics,151.99,21.85,6,166,6,0,3
C00649,2025-12-28,West,Beauty,49.06,21.95,3,87,2,1,4
C00113,2025-12-28,West,Fashion,36.94,17.69,3,100,7,0,4
C00092,2025-12-28,East,Beauty,47.87,8.97,4,8,9,0,4
C00519,2025-12-28,West,Sports,58.85,13.02,5,41,6,0,4
C00644,2025-12-29,North,Fashion,87.32,10.49,3,86,3,0,4
C00083,2025-12-29,North,Fashion,48.81,4.96,6,116,5,1,5
C00559,2025-12-29,North,Electronics,176.09,16.2,2,36,11,0,4
C00535,2025-12-29,West,Beauty,50.53,27.08,3,31,4,0,3
C00208,2025-12-29,North,Beauty,129.26,3.76,1,115,2,1,5
C00047,2025-12-29,South,Electronics,144.88,12.63,2,53,7,1,4
C00054,2025-12-29,South,Beauty,62.72,0.0,6,129,7,1,2
C00276,2025-12-30,East,Electronics,211.21,16.35,2,42,7,0,4
C00477,2025-12-30,West,Sports,75.14,6.49,5,55,4,0,5
C00461,2025-12-30,North,Beauty,55.8,0.0,5,180,5,0,3
C00454,2025-12-30,East,Sports,85.3,3.9,4,68,5,0,5
C00639,2025-12-30,North,Sports,67.46,8.45,6,33,3,0,4
C00565,2025-12-30,South,Fashion,80.19,14.19,3,81,6,1,5
C00012,2025-12-30,South,Fashion,86.65,26.55,4,20,7,0,4
C00396,2025-12-31,East,Beauty,50.49,6.44,3,46,6,0,4
C00375,2025-12-31,West,Fashion,86.34,12.69,3,67,7,1,4
C00573,2025-12-31,South,Home,118.53,16.94,5,17,7,0,3
C00155,2025-12-31,West,Fashion,77.55,12.43,4,49,5,0,3
C00296,2025-12-31,South,Electronics,70.07,31.37,4,45,8,0,4
C00206,2025-12-31,South,Home,113.33,18.29,3,163,9,0,3
C00458,2025-12-31,South,Beauty,51.16,0.0,5,78,7,0,4
